filename,width,height,frame_idx,timestamp_sec
frame_00000000.jpg,1280,720,0,0.0
frame_00000025.jpg,1280,720,25,1.0
frame_00000050.jpg,1280,720,50,2.0
frame_00000075.jpg,1280,720,75,3.0
frame_00000100.jpg,1280,720,100,4.0
frame_00000125.jpg,1280,720,125,5.0
frame_00000150.jpg,1280,720,150,6.0
frame_00000175.jpg,1280,720,175,7.0
frame_00000200.jpg,1280,720,200,8.0
frame_00000225.jpg,1280,720,225,9.0
frame_00000250.jpg,1280,720,250,10.0
frame_00000275.jpg,1280,720,275,11.0
frame_00000300.jpg,1280,720,300,12.0
frame_00000325.jpg,1280,720,325,13.0
frame_00000350.jpg,1280,720,350,14.0
frame_00000375.jpg,1280,720,375,15.0
frame_00000400.jpg,1280,720,400,16.0
frame_00000425.jpg,1280,720,425,17.0
frame_00000450.jpg,1280,720,450,18.0
frame_00000475.jpg,1280,720,475,19.0
frame_00000500.jpg,1280,720,500,20.0
frame_00000525.jpg,1280,720,525,21.0
frame_00000550.jpg,1280,720,550,22.0
frame_00000575.jpg,1280,720,575,23.0
frame_00000600.jpg,1280,720,600,24.0
frame_00000625.jpg,1280,720,625,25.0
frame_00000650.jpg,1280,720,650,26.0
frame_00000675.jpg,1280,720,675,27.0
frame_00000700.jpg,1280,720,700,28.0
frame_00000725.jpg,1280,720,725,29.0
frame_00000750.jpg,1280,720,750,30.0
frame_00000775.jpg,1280,720,775,31.0
frame_00000800.jpg,1280,720,800,32.0
frame_00000825.jpg,1280,720,825,33.0
frame_00000850.jpg,1280,720,850,34.0
frame_00000875.jpg,1280,720,875,35.0
frame_00000900.jpg,1280,720,900,36.0
frame_00000925.jpg,1280,720,925,37.0
frame_00000950.jpg,1280,720,950,38.0
frame_00000975.jpg,1280,720,975,39.0
frame_00001000.jpg,1280,720,1000,40.0
frame_00001025.jpg,1280,720,1025,41.0
frame_00001050.jpg,1280,720,1050,42.0
frame_00001075.jpg,1280,720,1075,43.0
frame_00001100.jpg,1280,720,1100,44.0
frame_00001125.jpg,1280,720,1125,45.0
frame_00001150.jpg,1280,720,1150,46.0
frame_00001175.jpg,1280,720,1175,47.0
frame_00001200.jpg,1280,720,1200,48.0
frame_00001225.jpg,1280,720,1225,49.0
frame_00001250.jpg,1280,720,1250,50.0
frame_00001275.jpg,1280,720,1275,51.0
frame_00001300.jpg,1280,720,1300,52.0
frame_00001325.jpg,1280,720,1325,53.0
frame_00001350.jpg,1280,720,1350,54.0
frame_00001375.jpg,1280,720,1375,55.0
frame_00001400.jpg,1280,720,1400,56.0
frame_00001425.jpg,1280,720,1425,57.0
frame_00001450.jpg,1280,720,1450,58.0
frame_00001475.jpg,1280,720,1475,59.0
frame_00001500.jpg,1280,720,1500,60.0
frame_00001525.jpg,1280,720,1525,61.0
frame_00001550.jpg,1280,720,1550,62.0
frame_00001575.jpg,1280,720,1575,63.0
frame_00001600.jpg,1280,720,1600,64.0
frame_00001625.jpg,1280,720,1625,65.0
frame_00001650.jpg,1280,720,1650,66.0
frame_00001675.jpg,1280,720,1675,67.0
frame_00001700.jpg,1280,720,1700,68.0
frame_00001725.jpg,1280,720,1725,69.0
frame_00001750.jpg,1280,720,1750,70.0
frame_00001775.jpg,1280,720,1775,71.0
frame_00001800.jpg,1280,720,1800,72.0
frame_00001825.jpg,1280,720,1825,73.0
frame_00001850.jpg,1280,720,1850,74.0
frame_00001875.jpg,1280,720,1875,75.0
frame_00001900.jpg,1280,720,1900,76.0
frame_00001925.jpg,1280,720,1925,77.0
frame_00001950.jpg,1280,720,1950,78.0
frame_00001975.jpg,1280,720,1975,79.0
frame_00002000.jpg,1280,720,2000,80.0
frame_00002025.jpg,1280,720,2025,81.0
frame_00002050.jpg,1280,720,2050,82.0
frame_00002075.jpg,1280,720,2075,83.0
frame_00002100.jpg,1280,720,2100,84.0
frame_00002125.jpg,1280,720,2125,85.0
frame_00002150.jpg,1280,720,2150,86.0
frame_00002175.jpg,1280,720,2175,87.0
frame_00002200.jpg,1280,720,2200,88.0
frame_00002225.jpg,1280,720,2225,89.0
frame_00002250.jpg,1280,720,2250,90.0
frame_00002275.jpg,1280,720,2275,91.0
frame_00002300.jpg,1280,720,2300,92.0
frame_00002325.jpg,1280,720,2325,93.0
frame_00002350.jpg,1280,720,2350,94.0
frame_00002375.jpg,1280,720,2375,95.0
frame_00002400.jpg,1280,720,2400,96.0
frame_00002425.jpg,1280,720,2425,97.0
frame_00002450.jpg,1280,720,2450,98.0
frame_00002475.jpg,1280,720,2475,99.0
frame_00002500.jpg,1280,720,2500,100.0
frame_00002525.jpg,1280,720,2525,101.0
frame_00002550.jpg,1280,720,2550,102.0
frame_00002575.jpg,1280,720,2575,103.0
frame_00002600.jpg,1280,720,2600,104.0
frame_00002625.jpg,1280,720,2625,105.0
frame_00002650.jpg,1280,720,2650,106.0
frame_00002675.jpg,1280,720,2675,107.0
frame_00002700.jpg,1280,720,2700,108.0
frame_00002725.jpg,1280,720,2725,109.0
frame_00002750.jpg,1280,720,2750,110.0
frame_00002775.jpg,1280,720,2775,111.0
frame_00002800.jpg,1280,720,2800,112.0
frame_00002825.jpg,1280,720,2825,113.0
frame_00002850.jpg,1280,720,2850,114.0
frame_00002875.jpg,1280,720,2875,115.0
frame_00002900.jpg,1280,720,2900,116.0
frame_00002925.jpg,1280,720,2925,117.0
frame_00002950.jpg,1280,720,2950,118.0
frame_00002975.jpg,1280,720,2975,119.0
frame_00003000.jpg,1280,720,3000,120.0
frame_00003025.jpg,1280,720,3025,121.0
frame_00003050.jpg,1280,720,3050,122.0
frame_00003075.jpg,1280,720,3075,123.0
frame_00003100.jpg,1280,720,3100,124.0
frame_00003125.jpg,1280,720,3125,125.0
frame_00003150.jpg,1280,720,3150,126.0
frame_00003175.jpg,1280,720,3175,127.0
frame_00003200.jpg,1280,720,3200,128.0
frame_00003225.jpg,1280,720,3225,129.0
frame_00003250.jpg,1280,720,3250,130.0
frame_00003275.jpg,1280,720,3275,131.0
frame_00003300.jpg,1280,720,3300,132.0
frame_00003325.jpg,1280,720,3325,133.0
frame_00003350.jpg,1280,720,3350,134.0
frame_00003375.jpg,1280,720,3375,135.0
frame_00003400.jpg,1280,720,3400,136.0
frame_00003425.jpg,1280,720,3425,137.0
frame_00003450.jpg,1280,720,3450,138.0
frame_00003475.jpg,1280,720,3475,139.0
frame_00003500.jpg,1280,720,3500,140.0
frame_00003525.jpg,1280,720,3525,141.0
frame_00003550.jpg,1280,720,3550,142.0
frame_00003575.jpg,1280,720,3575,143.0
frame_00003600.jpg,1280,720,3600,144.0
frame_00003625.jpg,1280,720,3625,145.0
frame_00003650.jpg,1280,720,3650,146.0
frame_00003675.jpg,1280,720,3675,147.0
frame_00003700.jpg,1280,720,3700,148.0
frame_00003725.jpg,1280,720,3725,149.0
frame_00003750.jpg,1280,720,3750,150.0
frame_00003775.jpg,1280,720,3775,151.0
frame_00003800.jpg,1280,720,3800,152.0
frame_00003825.jpg,1280,720,3825,153.0
frame_00003850.jpg,1280,720,3850,154.0
frame_00003875.jpg,1280,720,3875,155.0
frame_00003900.jpg,1280,720,3900,156.0
frame_00003925.jpg,1280,720,3925,157.0
frame_00003950.jpg,1280,720,3950,158.0
frame_00003975.jpg,1280,720,3975,159.0
frame_00004000.jpg,1280,720,4000,160.0
frame_00004025.jpg,1280,720,4025,161.0
frame_00004050.jpg,1280,720,4050,162.0
frame_00004075.jpg,1280,720,4075,163.0
frame_00004100.jpg,1280,720,4100,164.0
frame_00004125.jpg,1280,720,4125,165.0
frame_00004150.jpg,1280,720,4150,166.0
frame_00004175.jpg,1280,720,4175,167.0
frame_00004200.jpg,1280,720,4200,168.0
frame_00004225.jpg,1280,720,4225,169.0
frame_00004250.jpg,1280,720,4250,170.0
frame_00004275.jpg,1280,720,4275,171.0
frame_00004300.jpg,1280,720,4300,172.0
frame_00004325.jpg,1280,720,4325,173.0
frame_00004350.jpg,1280,720,4350,174.0
frame_00004375.jpg,1280,720,4375,175.0
frame_00004400.jpg,1280,720,4400,176.0
frame_00004425.jpg,1280,720,4425,177.0
frame_00004450.jpg,1280,720,4450,178.0
frame_00004475.jpg,1280,720,4475,179.0
frame_00004500.jpg,1280,720,4500,180.0
frame_00004525.jpg,1280,720,4525,181.0
frame_00004550.jpg,1280,720,4550,182.0
frame_00004575.jpg,1280,720,4575,183.0
frame_00004600.jpg,1280,720,4600,184.0
frame_00004625.jpg,1280,720,4625,185.0
frame_00004650.jpg,1280,720,4650,186.0
frame_00004675.jpg,1280,720,4675,187.0
frame_00004700.jpg,1280,720,4700,188.0
frame_00004725.jpg,1280,720,4725,189.0
frame_00004750.jpg,1280,720,4750,190.0
frame_00004775.jpg,1280,720,4775,191.0
frame_00004800.jpg,1280,720,4800,192.0
frame_00004825.jpg,1280,720,4825,193.0
frame_00004850.jpg,1280,720,4850,194.0
frame_00004875.jpg,1280,720,4875,195.0
frame_00004900.jpg,1280,720,4900,196.0
frame_00004925.jpg,1280,720,4925,197.0
frame_00004950.jpg,1280,720,4950,198.0
frame_00004975.jpg,1280,720,4975,199.0
frame_00005000.jpg,1280,720,5000,200.0
frame_00005025.jpg,1280,720,5025,201.0
frame_00005050.jpg,1280,720,5050,202.0
frame_00005075.jpg,1280,720,5075,203.0
frame_00005100.jpg,1280,720,5100,204.0
frame_00005125.jpg,1280,720,5125,205.0
frame_00005150.jpg,1280,720,5150,206.0
frame_00005175.jpg,1280,720,5175,207.0
frame_00005200.jpg,1280,720,5200,208.0
frame_00005225.jpg,1280,720,5225,209.0
frame_00005250.jpg,1280,720,5250,210.0
frame_00005275.jpg,1280,720,5275,211.0
frame_00005300.jpg,1280,720,5300,212.0
frame_00005325.jpg,1280,720,5325,213.0
frame_00005350.jpg,1280,720,5350,214.0
frame_00005375.jpg,1280,720,5375,215.0
frame_00005400.jpg,1280,720,5400,216.0
frame_00005425.jpg,1280,720,5425,217.0
frame_00005450.jpg,1280,720,5450,218.0
frame_00005475.jpg,1280,720,5475,219.0
frame_00005500.jpg,1280,720,5500,220.0
frame_00005525.jpg,1280,720,5525,221.0
frame_00005550.jpg,1280,720,5550,222.0
frame_00005575.jpg,1280,720,5575,223.0
frame_00005600.jpg,1280,720,5600,224.0
frame_00005625.jpg,1280,720,5625,225.0
frame_00005650.jpg,1280,720,5650,226.0
frame_00005675.jpg,1280,720,5675,227.0
frame_00005700.jpg,1280,720,5700,228.0
frame_00005725.jpg,1280,720,5725,229.0
frame_00005750.jpg,1280,720,5750,230.0
frame_00005775.jpg,1280,720,5775,231.0
frame_00005800.jpg,1280,720,5800,232.0
frame_00005825.jpg,1280,720,5825,233.0
frame_00005850.jpg,1280,720,5850,234.0
frame_00005875.jpg,1280,720,5875,235.0
frame_00005900.jpg,1280,720,5900,236.0
frame_00005925.jpg,1280,720,5925,237.0
frame_00005950.jpg,1280,720,5950,238.0
frame_00005975.jpg,1280,720,5975,239.0
frame_00006000.jpg,1280,720,6000,240.0
frame_00006025.jpg,1280,720,6025,241.0
frame_00006050.jpg,1280,720,6050,242.0
frame_00006075.jpg,1280,720,6075,243.0
frame_00006100.jpg,1280,720,6100,244.0
frame_00006125.jpg,1280,720,6125,245.0
frame_00006150.jpg,1280,720,6150,246.0
frame_00006175.jpg,1280,720,6175,247.0
frame_00006200.jpg,1280,720,6200,248.0
frame_00006225.jpg,1280,720,6225,249.0
frame_00006250.jpg,1280,720,6250,250.0
frame_00006275.jpg,1280,720,6275,251.0
frame_00006300.jpg,1280,720,6300,252.0
frame_00006325.jpg,1280,720,6325,253.0
frame_00006350.jpg,1280,720,6350,254.0
frame_00006375.jpg,1280,720,6375,255.0
frame_00006400.jpg,1280,720,6400,256.0
frame_00006425.jpg,1280,720,6425,257.0
frame_00006450.jpg,1280,720,6450,258.0
frame_00006475.jpg,1280,720,6475,259.0
frame_00006500.jpg,1280,720,6500,260.0
frame_00006525.jpg,1280,720,6525,261.0
frame_00006550.jpg,1280,720,6550,262.0
frame_00006575.jpg,1280,720,6575,263.0
frame_00006600.jpg,1280,720,6600,264.0
frame_00006625.jpg,1280,720,6625,265.0
frame_00006650.jpg,1280,720,6650,266.0
frame_00006675.jpg,1280,720,6675,267.0
frame_00006700.jpg,1280,720,6700,268.0
frame_00006725.jpg,1280,720,6725,269.0
frame_00006750.jpg,1280,720,6750,270.0
frame_00006775.jpg,1280,720,6775,271.0
frame_00006800.jpg,1280,720,6800,272.0
frame_00006825.jpg,1280,720,6825,273.0
frame_00006850.jpg,1280,720,6850,274.0
frame_00006875.jpg,1280,720,6875,275.0
frame_00006900.jpg,1280,720,6900,276.0
frame_00006925.jpg,1280,720,6925,277.0
frame_00006950.jpg,1280,720,6950,278.0
frame_00006975.jpg,1280,720,6975,279.0
frame_00007000.jpg,1280,720,7000,280.0
frame_00007025.jpg,1280,720,7025,281.0
frame_00007050.jpg,1280,720,7050,282.0
frame_00007075.jpg,1280,720,7075,283.0
frame_00007100.jpg,1280,720,7100,284.0
frame_00007125.jpg,1280,720,7125,285.0
frame_00007150.jpg,1280,720,7150,286.0
frame_00007175.jpg,1280,720,7175,287.0
frame_00007200.jpg,1280,720,7200,288.0
frame_00007225.jpg,1280,720,7225,289.0
frame_00007250.jpg,1280,720,7250,290.0
frame_00007275.jpg,1280,720,7275,291.0
frame_00007300.jpg,1280,720,7300,292.0
frame_00007325.jpg,1280,720,7325,293.0
frame_00007350.jpg,1280,720,7350,294.0
frame_00007375.jpg,1280,720,7375,295.0
frame_00007400.jpg,1280,720,7400,296.0
frame_00007425.jpg,1280,720,7425,297.0
frame_00007450.jpg,1280,720,7450,298.0
frame_00007475.jpg,1280,720,7475,299.0
frame_00007500.jpg,1280,720,7500,300.0
frame_00007525.jpg,1280,720,7525,301.0
frame_00007550.jpg,1280,720,7550,302.0
frame_00007575.jpg,1280,720,7575,303.0
frame_00007600.jpg,1280,720,7600,304.0
frame_00007625.jpg,1280,720,7625,305.0
frame_00007650.jpg,1280,720,7650,306.0
frame_00007675.jpg,1280,720,7675,307.0
frame_00007700.jpg,1280,720,7700,308.0
frame_00007725.jpg,1280,720,7725,309.0
frame_00007750.jpg,1280,720,7750,310.0
frame_00007775.jpg,1280,720,7775,311.0
frame_00007800.jpg,1280,720,7800,312.0
frame_00007825.jpg,1280,720,7825,313.0
frame_00007850.jpg,1280,720,7850,314.0
frame_00007875.jpg,1280,720,7875,315.0
frame_00007900.jpg,1280,720,7900,316.0
frame_00007925.jpg,1280,720,7925,317.0
frame_00007950.jpg,1280,720,7950,318.0
frame_00007975.jpg,1280,720,7975,319.0
frame_00008000.jpg,1280,720,8000,320.0
frame_00008025.jpg,1280,720,8025,321.0
frame_00008050.jpg,1280,720,8050,322.0
frame_00008075.jpg,1280,720,8075,323.0
frame_00008100.jpg,1280,720,8100,324.0
frame_00008125.jpg,1280,720,8125,325.0
frame_00008150.jpg,1280,720,8150,326.0
frame_00008175.jpg,1280,720,8175,327.0
frame_00008200.jpg,1280,720,8200,328.0
frame_00008225.jpg,1280,720,8225,329.0
frame_00008250.jpg,1280,720,8250,330.0
frame_00008275.jpg,1280,720,8275,331.0
frame_00008300.jpg,1280,720,8300,332.0
frame_00008325.jpg,1280,720,8325,333.0
frame_00008350.jpg,1280,720,8350,334.0
frame_00008375.jpg,1280,720,8375,335.0
frame_00008400.jpg,1280,720,8400,336.0
frame_00008425.jpg,1280,720,8425,337.0
frame_00008450.jpg,1280,720,8450,338.0
frame_00008475.jpg,1280,720,8475,339.0
frame_00008500.jpg,1280,720,8500,340.0
frame_00008525.jpg,1280,720,8525,341.0
frame_00008550.jpg,1280,720,8550,342.0
frame_00008575.jpg,1280,720,8575,343.0
frame_00008600.jpg,1280,720,8600,344.0
frame_00008625.jpg,1280,720,8625,345.0
frame_00008650.jpg,1280,720,8650,346.0
frame_00008675.jpg,1280,720,8675,347.0
frame_00008700.jpg,1280,720,8700,348.0
frame_00008725.jpg,1280,720,8725,349.0
frame_00008750.jpg,1280,720,8750,350.0
frame_00008775.jpg,1280,720,8775,351.0
frame_00008800.jpg,1280,720,8800,352.0
frame_00008825.jpg,1280,720,8825,353.0
frame_00008850.jpg,1280,720,8850,354.0
frame_00008875.jpg,1280,720,8875,355.0
frame_00008900.jpg,1280,720,8900,356.0
frame_00008925.jpg,1280,720,8925,357.0
frame_00008950.jpg,1280,720,8950,358.0
frame_00008975.jpg,1280,720,8975,359.0
frame_00009000.jpg,1280,720,9000,360.0
frame_00009025.jpg,1280,720,9025,361.0
frame_00009050.jpg,1280,720,9050,362.0
frame_00009075.jpg,1280,720,9075,363.0
frame_00009100.jpg,1280,720,9100,364.0
frame_00009125.jpg,1280,720,9125,365.0
frame_00009150.jpg,1280,720,9150,366.0
frame_00009175.jpg,1280,720,9175,367.0
frame_00009200.jpg,1280,720,9200,368.0
frame_00009225.jpg,1280,720,9225,369.0
frame_00009250.jpg,1280,720,9250,370.0
frame_00009275.jpg,1280,720,9275,371.0
frame_00009300.jpg,1280,720,9300,372.0
frame_00009325.jpg,1280,720,9325,373.0
frame_00009350.jpg,1280,720,9350,374.0
frame_00009375.jpg,1280,720,9375,375.0
frame_00009400.jpg,1280,720,9400,376.0
frame_00009425.jpg,1280,720,9425,377.0
frame_00009450.jpg,1280,720,9450,378.0
frame_00009475.jpg,1280,720,9475,379.0
frame_00009500.jpg,1280,720,9500,380.0
frame_00009525.jpg,1280,720,9525,381.0
frame_00009550.jpg,1280,720,9550,382.0
frame_00009575.jpg,1280,720,9575,383.0
frame_00009600.jpg,1280,720,9600,384.0
frame_00009625.jpg,1280,720,9625,385.0
frame_00009650.jpg,1280,720,9650,386.0
frame_00009675.jpg,1280,720,9675,387.0
frame_00009700.jpg,1280,720,9700,388.0
frame_00009725.jpg,1280,720,9725,389.0
frame_00009750.jpg,1280,720,9750,390.0
frame_00009775.jpg,1280,720,9775,391.0
frame_00009800.jpg,1280,720,9800,392.0
frame_00009825.jpg,1280,720,9825,393.0
frame_00009850.jpg,1280,720,9850,394.0
frame_00009875.jpg,1280,720,9875,395.0
frame_00009900.jpg,1280,720,9900,396.0
frame_00009925.jpg,1280,720,9925,397.0
frame_00009950.jpg,1280,720,9950,398.0
frame_00009975.jpg,1280,720,9975,399.0
frame_00010000.jpg,1280,720,10000,400.0
frame_00010025.jpg,1280,720,10025,401.0
frame_00010050.jpg,1280,720,10050,402.0
frame_00010075.jpg,1280,720,10075,403.0
frame_00010100.jpg,1280,720,10100,404.0
frame_00010125.jpg,1280,720,10125,405.0
frame_00010150.jpg,1280,720,10150,406.0
frame_00010175.jpg,1280,720,10175,407.0
frame_00010200.jpg,1280,720,10200,408.0
frame_00010225.jpg,1280,720,10225,409.0
frame_00010250.jpg,1280,720,10250,410.0
frame_00010275.jpg,1280,720,10275,411.0
frame_00010300.jpg,1280,720,10300,412.0
frame_00010325.jpg,1280,720,10325,413.0
frame_00010350.jpg,1280,720,10350,414.0
frame_00010375.jpg,1280,720,10375,415.0
frame_00010400.jpg,1280,720,10400,416.0
frame_00010425.jpg,1280,720,10425,417.0
frame_00010450.jpg,1280,720,10450,418.0
frame_00010475.jpg,1280,720,10475,419.0
frame_00010500.jpg,1280,720,10500,420.0
frame_00010525.jpg,1280,720,10525,421.0
frame_00010550.jpg,1280,720,10550,422.0
frame_00010575.jpg,1280,720,10575,423.0
frame_00010600.jpg,1280,720,10600,424.0
frame_00010625.jpg,1280,720,10625,425.0
frame_00010650.jpg,1280,720,10650,426.0
frame_00010675.jpg,1280,720,10675,427.0
frame_00010700.jpg,1280,720,10700,428.0
frame_00010725.jpg,1280,720,10725,429.0
frame_00010750.jpg,1280,720,10750,430.0
frame_00010775.jpg,1280,720,10775,431.0
frame_00010800.jpg,1280,720,10800,432.0
frame_00010825.jpg,1280,720,10825,433.0
frame_00010850.jpg,1280,720,10850,434.0
frame_00010875.jpg,1280,720,10875,435.0
frame_00010900.jpg,1280,720,10900,436.0
frame_00010925.jpg,1280,720,10925,437.0
frame_00010950.jpg,1280,720,10950,438.0
frame_00010975.jpg,1280,720,10975,439.0
frame_00011000.jpg,1280,720,11000,440.0
frame_00011025.jpg,1280,720,11025,441.0
frame_00011050.jpg,1280,720,11050,442.0
frame_00011075.jpg,1280,720,11075,443.0
frame_00011100.jpg,1280,720,11100,444.0
frame_00011125.jpg,1280,720,11125,445.0
frame_00011150.jpg,1280,720,11150,446.0
frame_00011175.jpg,1280,720,11175,447.0
frame_00011200.jpg,1280,720,11200,448.0
frame_00011225.jpg,1280,720,11225,449.0
frame_00011250.jpg,1280,720,11250,450.0
frame_00011275.jpg,1280,720,11275,451.0
frame_00011300.jpg,1280,720,11300,452.0
frame_00011325.jpg,1280,720,11325,453.0
frame_00011350.jpg,1280,720,11350,454.0
frame_00011375.jpg,1280,720,11375,455.0
frame_00011400.jpg,1280,720,11400,456.0
frame_00011425.jpg,1280,720,11425,457.0
frame_00011450.jpg,1280,720,11450,458.0
frame_00011475.jpg,1280,720,11475,459.0
frame_00011500.jpg,1280,720,11500,460.0
frame_00011525.jpg,1280,720,11525,461.0
frame_00011550.jpg,1280,720,11550,462.0
frame_00011575.jpg,1280,720,11575,463.0
frame_00011600.jpg,1280,720,11600,464.0
frame_00011625.jpg,1280,720,11625,465.0
frame_00011650.jpg,1280,720,11650,466.0
frame_00011675.jpg,1280,720,11675,467.0
frame_00011700.jpg,1280,720,11700,468.0
frame_00011725.jpg,1280,720,11725,469.0
frame_00011750.jpg,1280,720,11750,470.0
frame_00011775.jpg,1280,720,11775,471.0
frame_00011800.jpg,1280,720,11800,472.0
frame_00011825.jpg,1280,720,11825,473.0
frame_00011850.jpg,1280,720,11850,474.0
frame_00011875.jpg,1280,720,11875,475.0
frame_00011900.jpg,1280,720,11900,476.0
frame_00011925.jpg,1280,720,11925,477.0
frame_00011950.jpg,1280,720,11950,478.0
frame_00011975.jpg,1280,720,11975,479.0
frame_00012000.jpg,1280,720,12000,480.0
frame_00012025.jpg,1280,720,12025,481.0
frame_00012050.jpg,1280,720,12050,482.0
frame_00012075.jpg,1280,720,12075,483.0
frame_00012100.jpg,1280,720,12100,484.0
frame_00012125.jpg,1280,720,12125,485.0
frame_00012150.jpg,1280,720,12150,486.0
frame_00012175.jpg,1280,720,12175,487.0
frame_00012200.jpg,1280,720,12200,488.0
frame_00012225.jpg,1280,720,12225,489.0
frame_00012250.jpg,1280,720,12250,490.0
frame_00012275.jpg,1280,720,12275,491.0
frame_00012300.jpg,1280,720,12300,492.0
frame_00012325.jpg,1280,720,12325,493.0
frame_00012350.jpg,1280,720,12350,494.0
frame_00012375.jpg,1280,720,12375,495.0
frame_00012400.jpg,1280,720,12400,496.0
frame_00012425.jpg,1280,720,12425,497.0
frame_00012450.jpg,1280,720,12450,498.0
frame_00012475.jpg,1280,720,12475,499.0
frame_00012500.jpg,1280,720,12500,500.0
frame_00012525.jpg,1280,720,12525,501.0
frame_00012550.jpg,1280,720,12550,502.0
frame_00012575.jpg,1280,720,12575,503.0
frame_00012600.jpg,1280,720,12600,504.0
frame_00012625.jpg,1280,720,12625,505.0
frame_00012650.jpg,1280,720,12650,506.0
frame_00012675.jpg,1280,720,12675,507.0
frame_00012700.jpg,1280,720,12700,508.0
frame_00012725.jpg,1280,720,12725,509.0
frame_00012750.jpg,1280,720,12750,510.0
frame_00012775.jpg,1280,720,12775,511.0
frame_00012800.jpg,1280,720,12800,512.0
frame_00012825.jpg,1280,720,12825,513.0
frame_00012850.jpg,1280,720,12850,514.0
frame_00012875.jpg,1280,720,12875,515.0
frame_00012900.jpg,1280,720,12900,516.0
frame_00012925.jpg,1280,720,12925,517.0
frame_00012950.jpg,1280,720,12950,518.0
frame_00012975.jpg,1280,720,12975,519.0
frame_00013000.jpg,1280,720,13000,520.0
frame_00013025.jpg,1280,720,13025,521.0
frame_00013050.jpg,1280,720,13050,522.0
frame_00013075.jpg,1280,720,13075,523.0
frame_00013100.jpg,1280,720,13100,524.0
frame_00013125.jpg,1280,720,13125,525.0
frame_00013150.jpg,1280,720,13150,526.0
frame_00013175.jpg,1280,720,13175,527.0
frame_00013200.jpg,1280,720,13200,528.0
frame_00013225.jpg,1280,720,13225,529.0
frame_00013250.jpg,1280,720,13250,530.0
frame_00013275.jpg,1280,720,13275,531.0
frame_00013300.jpg,1280,720,13300,532.0
frame_00013325.jpg,1280,720,13325,533.0
frame_00013350.jpg,1280,720,13350,534.0
frame_00013375.jpg,1280,720,13375,535.0
frame_00013400.jpg,1280,720,13400,536.0
frame_00013425.jpg,1280,720,13425,537.0
frame_00013450.jpg,1280,720,13450,538.0
frame_00013475.jpg,1280,720,13475,539.0
frame_00013500.jpg,1280,720,13500,540.0
frame_00013525.jpg,1280,720,13525,541.0
frame_00013550.jpg,1280,720,13550,542.0
frame_00013575.jpg,1280,720,13575,543.0
frame_00013600.jpg,1280,720,13600,544.0
frame_00013625.jpg,1280,720,13625,545.0
frame_00013650.jpg,1280,720,13650,546.0
frame_00013675.jpg,1280,720,13675,547.0
frame_00013700.jpg,1280,720,13700,548.0
frame_00013725.jpg,1280,720,13725,549.0
frame_00013750.jpg,1280,720,13750,550.0
frame_00013775.jpg,1280,720,13775,551.0
frame_00013800.jpg,1280,720,13800,552.0
frame_00013825.jpg,1280,720,13825,553.0
frame_00013850.jpg,1280,720,13850,554.0
frame_00013875.jpg,1280,720,13875,555.0
frame_00013900.jpg,1280,720,13900,556.0
frame_00013925.jpg,1280,720,13925,557.0
frame_00013950.jpg,1280,720,13950,558.0
frame_00013975.jpg,1280,720,13975,559.0
frame_00014000.jpg,1280,720,14000,560.0
frame_00014025.jpg,1280,720,14025,561.0
frame_00014050.jpg,1280,720,14050,562.0
frame_00014075.jpg,1280,720,14075,563.0
frame_00014100.jpg,1280,720,14100,564.0
frame_00014125.jpg,1280,720,14125,565.0
frame_00014150.jpg,1280,720,14150,566.0
frame_00014175.jpg,1280,720,14175,567.0
frame_00014200.jpg,1280,720,14200,568.0
frame_00014225.jpg,1280,720,14225,569.0
frame_00014250.jpg,1280,720,14250,570.0
frame_00014275.jpg,1280,720,14275,571.0
frame_00014300.jpg,1280,720,14300,572.0
frame_00014325.jpg,1280,720,14325,573.0
frame_00014350.jpg,1280,720,14350,574.0
frame_00014375.jpg,1280,720,14375,575.0
frame_00014400.jpg,1280,720,14400,576.0
frame_00014425.jpg,1280,720,14425,577.0
frame_00014450.jpg,1280,720,14450,578.0
frame_00014475.jpg,1280,720,14475,579.0
frame_00014500.jpg,1280,720,14500,580.0
frame_00014525.jpg,1280,720,14525,581.0
frame_00014550.jpg,1280,720,14550,582.0
frame_00014575.jpg,1280,720,14575,583.0
frame_00014600.jpg,1280,720,14600,584.0
frame_00014625.jpg,1280,720,14625,585.0
frame_00014650.jpg,1280,720,14650,586.0
frame_00014675.jpg,1280,720,14675,587.0
frame_00014700.jpg,1280,720,14700,588.0
frame_00014725.jpg,1280,720,14725,589.0
frame_00014750.jpg,1280,720,14750,590.0
frame_00014775.jpg,1280,720,14775,591.0
frame_00014800.jpg,1280,720,14800,592.0
frame_00014825.jpg,1280,720,14825,593.0
frame_00014850.jpg,1280,720,14850,594.0
frame_00014875.jpg,1280,720,14875,595.0
frame_00014900.jpg,1280,720,14900,596.0
frame_00014925.jpg,1280,720,14925,597.0
frame_00014950.jpg,1280,720,14950,598.0
frame_00014975.jpg,1280,720,14975,599.0
frame_00015000.jpg,1280,720,15000,600.0
frame_00015025.jpg,1280,720,15025,601.0
frame_00015050.jpg,1280,720,15050,602.0
frame_00015075.jpg,1280,720,15075,603.0
frame_00015100.jpg,1280,720,15100,604.0
frame_00015125.jpg,1280,720,15125,605.0
frame_00015150.jpg,1280,720,15150,606.0
frame_00015175.jpg,1280,720,15175,607.0
frame_00015200.jpg,1280,720,15200,608.0
frame_00015225.jpg,1280,720,15225,609.0
frame_00015250.jpg,1280,720,15250,610.0
frame_00015275.jpg,1280,720,15275,611.0
frame_00015300.jpg,1280,720,15300,612.0
frame_00015325.jpg,1280,720,15325,613.0
frame_00015350.jpg,1280,720,15350,614.0
frame_00015375.jpg,1280,720,15375,615.0
frame_00015400.jpg,1280,720,15400,616.0
frame_00015425.jpg,1280,720,15425,617.0
frame_00015450.jpg,1280,720,15450,618.0
frame_00015475.jpg,1280,720,15475,619.0
frame_00015500.jpg,1280,720,15500,620.0
frame_00015525.jpg,1280,720,15525,621.0
frame_00015550.jpg,1280,720,15550,622.0
frame_00015575.jpg,1280,720,15575,623.0
frame_00015600.jpg,1280,720,15600,624.0
frame_00015625.jpg,1280,720,15625,625.0
frame_00015650.jpg,1280,720,15650,626.0
frame_00015675.jpg,1280,720,15675,627.0
frame_00015700.jpg,1280,720,15700,628.0
frame_00015725.jpg,1280,720,15725,629.0
frame_00015750.jpg,1280,720,15750,630.0
frame_00015775.jpg,1280,720,15775,631.0
frame_00015800.jpg,1280,720,15800,632.0
frame_00015825.jpg,1280,720,15825,633.0
frame_00015850.jpg,1280,720,15850,634.0
frame_00015875.jpg,1280,720,15875,635.0
frame_00015900.jpg,1280,720,15900,636.0
frame_00015925.jpg,1280,720,15925,637.0
frame_00015950.jpg,1280,720,15950,638.0
frame_00015975.jpg,1280,720,15975,639.0
frame_00016000.jpg,1280,720,16000,640.0
frame_00016025.jpg,1280,720,16025,641.0
frame_00016050.jpg,1280,720,16050,642.0
frame_00016075.jpg,1280,720,16075,643.0
frame_00016100.jpg,1280,720,16100,644.0
frame_00016125.jpg,1280,720,16125,645.0
frame_00016150.jpg,1280,720,16150,646.0
frame_00016175.jpg,1280,720,16175,647.0
frame_00016200.jpg,1280,720,16200,648.0
frame_00016225.jpg,1280,720,16225,649.0
frame_00016250.jpg,1280,720,16250,650.0
frame_00016275.jpg,1280,720,16275,651.0
frame_00016300.jpg,1280,720,16300,652.0
frame_00016325.jpg,1280,720,16325,653.0
frame_00016350.jpg,1280,720,16350,654.0
frame_00016375.jpg,1280,720,16375,655.0
frame_00016400.jpg,1280,720,16400,656.0
frame_00016425.jpg,1280,720,16425,657.0
frame_00016450.jpg,1280,720,16450,658.0
frame_00016475.jpg,1280,720,16475,659.0
frame_00016500.jpg,1280,720,16500,660.0
frame_00016525.jpg,1280,720,16525,661.0
frame_00016550.jpg,1280,720,16550,662.0
frame_00016575.jpg,1280,720,16575,663.0
frame_00016600.jpg,1280,720,16600,664.0
frame_00016625.jpg,1280,720,16625,665.0
frame_00016650.jpg,1280,720,16650,666.0
frame_00016675.jpg,1280,720,16675,667.0
frame_00016700.jpg,1280,720,16700,668.0
frame_00016725.jpg,1280,720,16725,669.0
frame_00016750.jpg,1280,720,16750,670.0
frame_00016775.jpg,1280,720,16775,671.0
frame_00016800.jpg,1280,720,16800,672.0
frame_00016825.jpg,1280,720,16825,673.0
frame_00016850.jpg,1280,720,16850,674.0
frame_00016875.jpg,1280,720,16875,675.0
frame_00016900.jpg,1280,720,16900,676.0
frame_00016925.jpg,1280,720,16925,677.0
frame_00016950.jpg,1280,720,16950,678.0
frame_00016975.jpg,1280,720,16975,679.0
frame_00017000.jpg,1280,720,17000,680.0
frame_00017025.jpg,1280,720,17025,681.0
frame_00017050.jpg,1280,720,17050,682.0
frame_00017075.jpg,1280,720,17075,683.0
frame_00017100.jpg,1280,720,17100,684.0
frame_00017125.jpg,1280,720,17125,685.0
frame_00017150.jpg,1280,720,17150,686.0
frame_00017175.jpg,1280,720,17175,687.0
frame_00017200.jpg,1280,720,17200,688.0
frame_00017225.jpg,1280,720,17225,689.0
frame_00017250.jpg,1280,720,17250,690.0
frame_00017275.jpg,1280,720,17275,691.0
frame_00017300.jpg,1280,720,17300,692.0
frame_00017325.jpg,1280,720,17325,693.0
frame_00017350.jpg,1280,720,17350,694.0
frame_00017375.jpg,1280,720,17375,695.0
frame_00017400.jpg,1280,720,17400,696.0
frame_00017425.jpg,1280,720,17425,697.0
frame_00017450.jpg,1280,720,17450,698.0
frame_00017475.jpg,1280,720,17475,699.0
frame_00017500.jpg,1280,720,17500,700.0
frame_00017525.jpg,1280,720,17525,701.0
frame_00017550.jpg,1280,720,17550,702.0
frame_00017575.jpg,1280,720,17575,703.0
frame_00017600.jpg,1280,720,17600,704.0
frame_00017625.jpg,1280,720,17625,705.0
frame_00017650.jpg,1280,720,17650,706.0
frame_00017675.jpg,1280,720,17675,707.0
frame_00017700.jpg,1280,720,17700,708.0
frame_00017725.jpg,1280,720,17725,709.0
frame_00017750.jpg,1280,720,17750,710.0
frame_00017775.jpg,1280,720,17775,711.0
frame_00017800.jpg,1280,720,17800,712.0
frame_00017825.jpg,1280,720,17825,713.0
frame_00017850.jpg,1280,720,17850,714.0
frame_00017875.jpg,1280,720,17875,715.0
frame_00017900.jpg,1280,720,17900,716.0
frame_00017925.jpg,1280,720,17925,717.0
frame_00017950.jpg,1280,720,17950,718.0
frame_00017975.jpg,1280,720,17975,719.0
frame_00018000.jpg,1280,720,18000,720.0
frame_00018025.jpg,1280,720,18025,721.0
frame_00018050.jpg,1280,720,18050,722.0
frame_00018075.jpg,1280,720,18075,723.0
frame_00018100.jpg,1280,720,18100,724.0
frame_00018125.jpg,1280,720,18125,725.0
frame_00018150.jpg,1280,720,18150,726.0
frame_00018175.jpg,1280,720,18175,727.0
frame_00018200.jpg,1280,720,18200,728.0
frame_00018225.jpg,1280,720,18225,729.0
frame_00018250.jpg,1280,720,18250,730.0
frame_00018275.jpg,1280,720,18275,731.0
frame_00018300.jpg,1280,720,18300,732.0
frame_00018325.jpg,1280,720,18325,733.0
frame_00018350.jpg,1280,720,18350,734.0
frame_00018375.jpg,1280,720,18375,735.0
frame_00018400.jpg,1280,720,18400,736.0
frame_00018425.jpg,1280,720,18425,737.0
frame_00018450.jpg,1280,720,18450,738.0
frame_00018475.jpg,1280,720,18475,739.0
frame_00018500.jpg,1280,720,18500,740.0
frame_00018525.jpg,1280,720,18525,741.0
frame_00018550.jpg,1280,720,18550,742.0
frame_00018575.jpg,1280,720,18575,743.0
frame_00018600.jpg,1280,720,18600,744.0
frame_00018625.jpg,1280,720,18625,745.0
frame_00018650.jpg,1280,720,18650,746.0
frame_00018675.jpg,1280,720,18675,747.0
frame_00018700.jpg,1280,720,18700,748.0
frame_00018725.jpg,1280,720,18725,749.0
frame_00018750.jpg,1280,720,18750,750.0
frame_00018775.jpg,1280,720,18775,751.0
frame_00018800.jpg,1280,720,18800,752.0
frame_00018825.jpg,1280,720,18825,753.0
frame_00018850.jpg,1280,720,18850,754.0
frame_00018875.jpg,1280,720,18875,755.0
frame_00018900.jpg,1280,720,18900,756.0
frame_00018925.jpg,1280,720,18925,757.0
frame_00018950.jpg,1280,720,18950,758.0
frame_00018975.jpg,1280,720,18975,759.0
frame_00019000.jpg,1280,720,19000,760.0
frame_00019025.jpg,1280,720,19025,761.0
frame_00019050.jpg,1280,720,19050,762.0
frame_00019075.jpg,1280,720,19075,763.0
frame_00019100.jpg,1280,720,19100,764.0
frame_00019125.jpg,1280,720,19125,765.0
frame_00019150.jpg,1280,720,19150,766.0
frame_00019175.jpg,1280,720,19175,767.0
frame_00019200.jpg,1280,720,19200,768.0
frame_00019225.jpg,1280,720,19225,769.0
frame_00019250.jpg,1280,720,19250,770.0
frame_00019275.jpg,1280,720,19275,771.0
frame_00019300.jpg,1280,720,19300,772.0
frame_00019325.jpg,1280,720,19325,773.0
frame_00019350.jpg,1280,720,19350,774.0
frame_00019375.jpg,1280,720,19375,775.0
frame_00019400.jpg,1280,720,19400,776.0
frame_00019425.jpg,1280,720,19425,777.0
frame_00019450.jpg,1280,720,19450,778.0
frame_00019475.jpg,1280,720,19475,779.0
frame_00019500.jpg,1280,720,19500,780.0
frame_00019525.jpg,1280,720,19525,781.0
frame_00019550.jpg,1280,720,19550,782.0
frame_00019575.jpg,1280,720,19575,783.0
frame_00019600.jpg,1280,720,19600,784.0
frame_00019625.jpg,1280,720,19625,785.0
frame_00019650.jpg,1280,720,19650,786.0
frame_00019675.jpg,1280,720,19675,787.0
frame_00019700.jpg,1280,720,19700,788.0
frame_00019725.jpg,1280,720,19725,789.0
frame_00019750.jpg,1280,720,19750,790.0
frame_00019775.jpg,1280,720,19775,791.0
frame_00019800.jpg,1280,720,19800,792.0
frame_00019825.jpg,1280,720,19825,793.0
frame_00019850.jpg,1280,720,19850,794.0
frame_00019875.jpg,1280,720,19875,795.0
frame_00019900.jpg,1280,720,19900,796.0
frame_00019925.jpg,1280,720,19925,797.0
frame_00019950.jpg,1280,720,19950,798.0
frame_00019975.jpg,1280,720,19975,799.0
frame_00020000.jpg,1280,720,20000,800.0
frame_00020025.jpg,1280,720,20025,801.0
frame_00020050.jpg,1280,720,20050,802.0
frame_00020075.jpg,1280,720,20075,803.0
frame_00020100.jpg,1280,720,20100,804.0
frame_00020125.jpg,1280,720,20125,805.0
frame_00020150.jpg,1280,720,20150,806.0
frame_00020175.jpg,1280,720,20175,807.0
frame_00020200.jpg,1280,720,20200,808.0
frame_00020225.jpg,1280,720,20225,809.0
frame_00020250.jpg,1280,720,20250,810.0
frame_00020275.jpg,1280,720,20275,811.0
frame_00020300.jpg,1280,720,20300,812.0
frame_00020325.jpg,1280,720,20325,813.0
frame_00020350.jpg,1280,720,20350,814.0
frame_00020375.jpg,1280,720,20375,815.0
frame_00020400.jpg,1280,720,20400,816.0
frame_00020425.jpg,1280,720,20425,817.0
frame_00020450.jpg,1280,720,20450,818.0
frame_00020475.jpg,1280,720,20475,819.0
frame_00020500.jpg,1280,720,20500,820.0
frame_00020525.jpg,1280,720,20525,821.0
frame_00020550.jpg,1280,720,20550,822.0
frame_00020575.jpg,1280,720,20575,823.0
frame_00020600.jpg,1280,720,20600,824.0
frame_00020625.jpg,1280,720,20625,825.0
frame_00020650.jpg,1280,720,20650,826.0
frame_00020675.jpg,1280,720,20675,827.0
frame_00020700.jpg,1280,720,20700,828.0
frame_00020725.jpg,1280,720,20725,829.0
frame_00020750.jpg,1280,720,20750,830.0
frame_00020775.jpg,1280,720,20775,831.0
frame_00020800.jpg,1280,720,20800,832.0
frame_00020825.jpg,1280,720,20825,833.0
frame_00020850.jpg,1280,720,20850,834.0
frame_00020875.jpg,1280,720,20875,835.0
frame_00020900.jpg,1280,720,20900,836.0
frame_00020925.jpg,1280,720,20925,837.0
frame_00020950.jpg,1280,720,20950,838.0
frame_00020975.jpg,1280,720,20975,839.0
frame_00021000.jpg,1280,720,21000,840.0
frame_00021025.jpg,1280,720,21025,841.0
frame_00021050.jpg,1280,720,21050,842.0
frame_00021075.jpg,1280,720,21075,843.0
frame_00021100.jpg,1280,720,21100,844.0
frame_00021125.jpg,1280,720,21125,845.0
frame_00021150.jpg,1280,720,21150,846.0
frame_00021175.jpg,1280,720,21175,847.0
frame_00021200.jpg,1280,720,21200,848.0
frame_00021225.jpg,1280,720,21225,849.0
frame_00021250.jpg,1280,720,21250,850.0
frame_00021275.jpg,1280,720,21275,851.0
frame_00021300.jpg,1280,720,21300,852.0
frame_00021325.jpg,1280,720,21325,853.0
frame_00021350.jpg,1280,720,21350,854.0
frame_00021375.jpg,1280,720,21375,855.0
frame_00021400.jpg,1280,720,21400,856.0
frame_00021425.jpg,1280,720,21425,857.0
frame_00021450.jpg,1280,720,21450,858.0
frame_00021475.jpg,1280,720,21475,859.0
frame_00021500.jpg,1280,720,21500,860.0
frame_00021525.jpg,1280,720,21525,861.0
frame_00021550.jpg,1280,720,21550,862.0
frame_00021575.jpg,1280,720,21575,863.0
frame_00021600.jpg,1280,720,21600,864.0
frame_00021625.jpg,1280,720,21625,865.0
frame_00021650.jpg,1280,720,21650,866.0
frame_00021675.jpg,1280,720,21675,867.0
frame_00021700.jpg,1280,720,21700,868.0
frame_00021725.jpg,1280,720,21725,869.0
frame_00021750.jpg,1280,720,21750,870.0
frame_00021775.jpg,1280,720,21775,871.0
frame_00021800.jpg,1280,720,21800,872.0
frame_00021825.jpg,1280,720,21825,873.0
frame_00021850.jpg,1280,720,21850,874.0
frame_00021875.jpg,1280,720,21875,875.0
frame_00021900.jpg,1280,720,21900,876.0
frame_00021925.jpg,1280,720,21925,877.0
frame_00021950.jpg,1280,720,21950,878.0
frame_00021975.jpg,1280,720,21975,879.0
frame_00022000.jpg,1280,720,22000,880.0
frame_00022025.jpg,1280,720,22025,881.0
frame_00022050.jpg,1280,720,22050,882.0
frame_00022075.jpg,1280,720,22075,883.0
frame_00022100.jpg,1280,720,22100,884.0
frame_00022125.jpg,1280,720,22125,885.0
frame_00022150.jpg,1280,720,22150,886.0
frame_00022175.jpg,1280,720,22175,887.0
frame_00022200.jpg,1280,720,22200,888.0
frame_00022225.jpg,1280,720,22225,889.0
frame_00022250.jpg,1280,720,22250,890.0
frame_00022275.jpg,1280,720,22275,891.0
frame_00022300.jpg,1280,720,22300,892.0
frame_00022325.jpg,1280,720,22325,893.0
frame_00022350.jpg,1280,720,22350,894.0
frame_00022375.jpg,1280,720,22375,895.0
frame_00022400.jpg,1280,720,22400,896.0
frame_00022425.jpg,1280,720,22425,897.0
frame_00022450.jpg,1280,720,22450,898.0
frame_00022475.jpg,1280,720,22475,899.0
frame_00022500.jpg,1280,720,22500,900.0
frame_00022525.jpg,1280,720,22525,901.0
frame_00022550.jpg,1280,720,22550,902.0
frame_00022575.jpg,1280,720,22575,903.0
frame_00022600.jpg,1280,720,22600,904.0
frame_00022625.jpg,1280,720,22625,905.0
frame_00022650.jpg,1280,720,22650,906.0
frame_00022675.jpg,1280,720,22675,907.0
frame_00022700.jpg,1280,720,22700,908.0
frame_00022725.jpg,1280,720,22725,909.0
frame_00022750.jpg,1280,720,22750,910.0
frame_00022775.jpg,1280,720,22775,911.0
frame_00022800.jpg,1280,720,22800,912.0
frame_00022825.jpg,1280,720,22825,913.0
frame_00022850.jpg,1280,720,22850,914.0
frame_00022875.jpg,1280,720,22875,915.0
frame_00022900.jpg,1280,720,22900,916.0
frame_00022925.jpg,1280,720,22925,917.0
frame_00022950.jpg,1280,720,22950,918.0
frame_00022975.jpg,1280,720,22975,919.0
frame_00023000.jpg,1280,720,23000,920.0
frame_00023025.jpg,1280,720,23025,921.0
frame_00023050.jpg,1280,720,23050,922.0
frame_00023075.jpg,1280,720,23075,923.0
frame_00023100.jpg,1280,720,23100,924.0
frame_00023125.jpg,1280,720,23125,925.0
frame_00023150.jpg,1280,720,23150,926.0
frame_00023175.jpg,1280,720,23175,927.0
frame_00023200.jpg,1280,720,23200,928.0
frame_00023225.jpg,1280,720,23225,929.0
frame_00023250.jpg,1280,720,23250,930.0
frame_00023275.jpg,1280,720,23275,931.0
frame_00023300.jpg,1280,720,23300,932.0
frame_00023325.jpg,1280,720,23325,933.0
frame_00023350.jpg,1280,720,23350,934.0
frame_00023375.jpg,1280,720,23375,935.0
frame_00023400.jpg,1280,720,23400,936.0
frame_00023425.jpg,1280,720,23425,937.0
frame_00023450.jpg,1280,720,23450,938.0
frame_00023475.jpg,1280,720,23475,939.0
frame_00023500.jpg,1280,720,23500,940.0
frame_00023525.jpg,1280,720,23525,941.0
frame_00023550.jpg,1280,720,23550,942.0
frame_00023575.jpg,1280,720,23575,943.0
frame_00023600.jpg,1280,720,23600,944.0
frame_00023625.jpg,1280,720,23625,945.0
frame_00023650.jpg,1280,720,23650,946.0
frame_00023675.jpg,1280,720,23675,947.0
frame_00023700.jpg,1280,720,23700,948.0
frame_00023725.jpg,1280,720,23725,949.0
frame_00023750.jpg,1280,720,23750,950.0
frame_00023775.jpg,1280,720,23775,951.0
frame_00023800.jpg,1280,720,23800,952.0
frame_00023825.jpg,1280,720,23825,953.0
frame_00023850.jpg,1280,720,23850,954.0
frame_00023875.jpg,1280,720,23875,955.0
frame_00023900.jpg,1280,720,23900,956.0
frame_00023925.jpg,1280,720,23925,957.0
frame_00023950.jpg,1280,720,23950,958.0
frame_00023975.jpg,1280,720,23975,959.0
frame_00024000.jpg,1280,720,24000,960.0
frame_00024025.jpg,1280,720,24025,961.0
frame_00024050.jpg,1280,720,24050,962.0
frame_00024075.jpg,1280,720,24075,963.0
frame_00024100.jpg,1280,720,24100,964.0
frame_00024125.jpg,1280,720,24125,965.0
frame_00024150.jpg,1280,720,24150,966.0
frame_00024175.jpg,1280,720,24175,967.0
frame_00024200.jpg,1280,720,24200,968.0
frame_00024225.jpg,1280,720,24225,969.0
frame_00024250.jpg,1280,720,24250,970.0
frame_00024275.jpg,1280,720,24275,971.0
frame_00024300.jpg,1280,720,24300,972.0
frame_00024325.jpg,1280,720,24325,973.0
frame_00024350.jpg,1280,720,24350,974.0
frame_00024375.jpg,1280,720,24375,975.0
frame_00024400.jpg,1280,720,24400,976.0
frame_00024425.jpg,1280,720,24425,977.0
frame_00024450.jpg,1280,720,24450,978.0
frame_00024475.jpg,1280,720,24475,979.0
frame_00024500.jpg,1280,720,24500,980.0
frame_00024525.jpg,1280,720,24525,981.0
frame_00024550.jpg,1280,720,24550,982.0
frame_00024575.jpg,1280,720,24575,983.0
frame_00024600.jpg,1280,720,24600,984.0
frame_00024625.jpg,1280,720,24625,985.0
frame_00024650.jpg,1280,720,24650,986.0
frame_00024675.jpg,1280,720,24675,987.0
frame_00024700.jpg,1280,720,24700,988.0
frame_00024725.jpg,1280,720,24725,989.0
frame_00024750.jpg,1280,720,24750,990.0
frame_00024775.jpg,1280,720,24775,991.0
frame_00024800.jpg,1280,720,24800,992.0
frame_00024825.jpg,1280,720,24825,993.0
frame_00024850.jpg,1280,720,24850,994.0
frame_00024875.jpg,1280,720,24875,995.0
frame_00024900.jpg,1280,720,24900,996.0
frame_00024925.jpg,1280,720,24925,997.0
frame_00024950.jpg,1280,720,24950,998.0
frame_00024975.jpg,1280,720,24975,999.0
frame_00025000.jpg,1280,720,25000,1000.0
frame_00025025.jpg,1280,720,25025,1001.0
frame_00025050.jpg,1280,720,25050,1002.0
frame_00025075.jpg,1280,720,25075,1003.0
frame_00025100.jpg,1280,720,25100,1004.0
frame_00025125.jpg,1280,720,25125,1005.0
frame_00025150.jpg,1280,720,25150,1006.0
frame_00025175.jpg,1280,720,25175,1007.0
frame_00025200.jpg,1280,720,25200,1008.0
frame_00025225.jpg,1280,720,25225,1009.0
frame_00025250.jpg,1280,720,25250,1010.0
frame_00025275.jpg,1280,720,25275,1011.0
frame_00025300.jpg,1280,720,25300,1012.0
frame_00025325.jpg,1280,720,25325,1013.0
frame_00025350.jpg,1280,720,25350,1014.0
frame_00025375.jpg,1280,720,25375,1015.0
frame_00025400.jpg,1280,720,25400,1016.0
frame_00025425.jpg,1280,720,25425,1017.0
frame_00025450.jpg,1280,720,25450,1018.0
frame_00025475.jpg,1280,720,25475,1019.0
frame_00025500.jpg,1280,720,25500,1020.0
frame_00025525.jpg,1280,720,25525,1021.0
frame_00025550.jpg,1280,720,25550,1022.0
frame_00025575.jpg,1280,720,25575,1023.0
frame_00025600.jpg,1280,720,25600,1024.0
frame_00025625.jpg,1280,720,25625,1025.0
frame_00025650.jpg,1280,720,25650,1026.0
frame_00025675.jpg,1280,720,25675,1027.0
frame_00025700.jpg,1280,720,25700,1028.0
frame_00025725.jpg,1280,720,25725,1029.0
frame_00025750.jpg,1280,720,25750,1030.0
frame_00025775.jpg,1280,720,25775,1031.0
frame_00025800.jpg,1280,720,25800,1032.0
frame_00025825.jpg,1280,720,25825,1033.0
frame_00025850.jpg,1280,720,25850,1034.0
frame_00025875.jpg,1280,720,25875,1035.0
frame_00025900.jpg,1280,720,25900,1036.0
frame_00025925.jpg,1280,720,25925,1037.0
frame_00025950.jpg,1280,720,25950,1038.0
frame_00025975.jpg,1280,720,25975,1039.0
frame_00026000.jpg,1280,720,26000,1040.0
frame_00026025.jpg,1280,720,26025,1041.0
frame_00026050.jpg,1280,720,26050,1042.0
frame_00026075.jpg,1280,720,26075,1043.0
frame_00026100.jpg,1280,720,26100,1044.0
frame_00026125.jpg,1280,720,26125,1045.0
frame_00026150.jpg,1280,720,26150,1046.0
frame_00026175.jpg,1280,720,26175,1047.0
frame_00026200.jpg,1280,720,26200,1048.0
frame_00026225.jpg,1280,720,26225,1049.0
frame_00026250.jpg,1280,720,26250,1050.0
frame_00026275.jpg,1280,720,26275,1051.0
frame_00026300.jpg,1280,720,26300,1052.0
frame_00026325.jpg,1280,720,26325,1053.0
frame_00026350.jpg,1280,720,26350,1054.0
frame_00026375.jpg,1280,720,26375,1055.0
frame_00026400.jpg,1280,720,26400,1056.0
frame_00026425.jpg,1280,720,26425,1057.0
frame_00026450.jpg,1280,720,26450,1058.0
frame_00026475.jpg,1280,720,26475,1059.0
frame_00026500.jpg,1280,720,26500,1060.0
frame_00026525.jpg,1280,720,26525,1061.0
frame_00026550.jpg,1280,720,26550,1062.0
frame_00026575.jpg,1280,720,26575,1063.0
frame_00026600.jpg,1280,720,26600,1064.0
frame_00026625.jpg,1280,720,26625,1065.0
frame_00026650.jpg,1280,720,26650,1066.0
frame_00026675.jpg,1280,720,26675,1067.0
frame_00026700.jpg,1280,720,26700,1068.0
frame_00026725.jpg,1280,720,26725,1069.0
frame_00026750.jpg,1280,720,26750,1070.0
frame_00026775.jpg,1280,720,26775,1071.0
frame_00026800.jpg,1280,720,26800,1072.0
frame_00026825.jpg,1280,720,26825,1073.0
frame_00026850.jpg,1280,720,26850,1074.0
frame_00026875.jpg,1280,720,26875,1075.0
frame_00026900.jpg,1280,720,26900,1076.0
frame_00026925.jpg,1280,720,26925,1077.0
frame_00026950.jpg,1280,720,26950,1078.0
frame_00026975.jpg,1280,720,26975,1079.0
frame_00027000.jpg,1280,720,27000,1080.0
frame_00027025.jpg,1280,720,27025,1081.0
frame_00027050.jpg,1280,720,27050,1082.0
frame_00027075.jpg,1280,720,27075,1083.0
frame_00027100.jpg,1280,720,27100,1084.0
frame_00027125.jpg,1280,720,27125,1085.0
frame_00027150.jpg,1280,720,27150,1086.0
frame_00027175.jpg,1280,720,27175,1087.0
frame_00027200.jpg,1280,720,27200,1088.0
frame_00027225.jpg,1280,720,27225,1089.0
frame_00027250.jpg,1280,720,27250,1090.0
frame_00027275.jpg,1280,720,27275,1091.0
frame_00027300.jpg,1280,720,27300,1092.0
frame_00027325.jpg,1280,720,27325,1093.0
frame_00027350.jpg,1280,720,27350,1094.0
frame_00027375.jpg,1280,720,27375,1095.0
frame_00027400.jpg,1280,720,27400,1096.0
frame_00027425.jpg,1280,720,27425,1097.0
frame_00027450.jpg,1280,720,27450,1098.0
frame_00027475.jpg,1280,720,27475,1099.0
frame_00027500.jpg,1280,720,27500,1100.0
frame_00027525.jpg,1280,720,27525,1101.0
frame_00027550.jpg,1280,720,27550,1102.0
frame_00027575.jpg,1280,720,27575,1103.0
frame_00027600.jpg,1280,720,27600,1104.0
frame_00027625.jpg,1280,720,27625,1105.0
frame_00027650.jpg,1280,720,27650,1106.0
frame_00027675.jpg,1280,720,27675,1107.0
frame_00027700.jpg,1280,720,27700,1108.0
frame_00027725.jpg,1280,720,27725,1109.0
frame_00027750.jpg,1280,720,27750,1110.0
frame_00027775.jpg,1280,720,27775,1111.0
frame_00027800.jpg,1280,720,27800,1112.0
frame_00027825.jpg,1280,720,27825,1113.0
frame_00027850.jpg,1280,720,27850,1114.0
frame_00027875.jpg,1280,720,27875,1115.0
frame_00027900.jpg,1280,720,27900,1116.0
frame_00027925.jpg,1280,720,27925,1117.0
frame_00027950.jpg,1280,720,27950,1118.0
frame_00027975.jpg,1280,720,27975,1119.0
frame_00028000.jpg,1280,720,28000,1120.0
frame_00028025.jpg,1280,720,28025,1121.0
frame_00028050.jpg,1280,720,28050,1122.0
frame_00028075.jpg,1280,720,28075,1123.0
frame_00028100.jpg,1280,720,28100,1124.0
frame_00028125.jpg,1280,720,28125,1125.0
frame_00028150.jpg,1280,720,28150,1126.0
frame_00028175.jpg,1280,720,28175,1127.0
frame_00028200.jpg,1280,720,28200,1128.0
frame_00028225.jpg,1280,720,28225,1129.0
frame_00028250.jpg,1280,720,28250,1130.0
frame_00028275.jpg,1280,720,28275,1131.0
frame_00028300.jpg,1280,720,28300,1132.0
frame_00028325.jpg,1280,720,28325,1133.0
frame_00028350.jpg,1280,720,28350,1134.0
frame_00028375.jpg,1280,720,28375,1135.0
frame_00028400.jpg,1280,720,28400,1136.0
frame_00028425.jpg,1280,720,28425,1137.0
frame_00028450.jpg,1280,720,28450,1138.0
frame_00028475.jpg,1280,720,28475,1139.0
frame_00028500.jpg,1280,720,28500,1140.0
frame_00028525.jpg,1280,720,28525,1141.0
frame_00028550.jpg,1280,720,28550,1142.0
frame_00028575.jpg,1280,720,28575,1143.0
frame_00028600.jpg,1280,720,28600,1144.0
frame_00028625.jpg,1280,720,28625,1145.0
frame_00028650.jpg,1280,720,28650,1146.0
frame_00028675.jpg,1280,720,28675,1147.0
frame_00028700.jpg,1280,720,28700,1148.0
frame_00028725.jpg,1280,720,28725,1149.0
frame_00028750.jpg,1280,720,28750,1150.0
frame_00028775.jpg,1280,720,28775,1151.0
frame_00028800.jpg,1280,720,28800,1152.0
frame_00028825.jpg,1280,720,28825,1153.0
frame_00028850.jpg,1280,720,28850,1154.0
frame_00028875.jpg,1280,720,28875,1155.0
frame_00028900.jpg,1280,720,28900,1156.0
frame_00028925.jpg,1280,720,28925,1157.0
frame_00028950.jpg,1280,720,28950,1158.0
frame_00028975.jpg,1280,720,28975,1159.0
frame_00029000.jpg,1280,720,29000,1160.0
frame_00029025.jpg,1280,720,29025,1161.0
frame_00029050.jpg,1280,720,29050,1162.0
frame_00029075.jpg,1280,720,29075,1163.0
frame_00029100.jpg,1280,720,29100,1164.0
frame_00029125.jpg,1280,720,29125,1165.0
frame_00029150.jpg,1280,720,29150,1166.0
frame_00029175.jpg,1280,720,29175,1167.0
frame_00029200.jpg,1280,720,29200,1168.0
frame_00029225.jpg,1280,720,29225,1169.0
frame_00029250.jpg,1280,720,29250,1170.0
frame_00029275.jpg,1280,720,29275,1171.0
frame_00029300.jpg,1280,720,29300,1172.0
frame_00029325.jpg,1280,720,29325,1173.0
frame_00029350.jpg,1280,720,29350,1174.0
frame_00029375.jpg,1280,720,29375,1175.0
frame_00029400.jpg,1280,720,29400,1176.0
frame_00029425.jpg,1280,720,29425,1177.0
frame_00029450.jpg,1280,720,29450,1178.0
frame_00029475.jpg,1280,720,29475,1179.0
frame_00029500.jpg,1280,720,29500,1180.0
frame_00029525.jpg,1280,720,29525,1181.0
frame_00029550.jpg,1280,720,29550,1182.0
frame_00029575.jpg,1280,720,29575,1183.0
frame_00029600.jpg,1280,720,29600,1184.0
frame_00029625.jpg,1280,720,29625,1185.0
frame_00029650.jpg,1280,720,29650,1186.0
frame_00029675.jpg,1280,720,29675,1187.0
frame_00029700.jpg,1280,720,29700,1188.0
frame_00029725.jpg,1280,720,29725,1189.0
frame_00029750.jpg,1280,720,29750,1190.0
frame_00029775.jpg,1280,720,29775,1191.0
frame_00029800.jpg,1280,720,29800,1192.0
frame_00029825.jpg,1280,720,29825,1193.0
frame_00029850.jpg,1280,720,29850,1194.0
frame_00029875.jpg,1280,720,29875,1195.0
frame_00029900.jpg,1280,720,29900,1196.0
frame_00029925.jpg,1280,720,29925,1197.0
frame_00029950.jpg,1280,720,29950,1198.0
frame_00029975.jpg,1280,720,29975,1199.0
frame_00030000.jpg,1280,720,30000,1200.0
frame_00030025.jpg,1280,720,30025,1201.0
frame_00030050.jpg,1280,720,30050,1202.0
frame_00030075.jpg,1280,720,30075,1203.0
frame_00030100.jpg,1280,720,30100,1204.0
frame_00030125.jpg,1280,720,30125,1205.0
frame_00030150.jpg,1280,720,30150,1206.0
frame_00030175.jpg,1280,720,30175,1207.0
frame_00030200.jpg,1280,720,30200,1208.0
frame_00030225.jpg,1280,720,30225,1209.0
frame_00030250.jpg,1280,720,30250,1210.0
frame_00030275.jpg,1280,720,30275,1211.0
frame_00030300.jpg,1280,720,30300,1212.0
frame_00030325.jpg,1280,720,30325,1213.0
frame_00030350.jpg,1280,720,30350,1214.0
frame_00030375.jpg,1280,720,30375,1215.0
frame_00030400.jpg,1280,720,30400,1216.0
frame_00030425.jpg,1280,720,30425,1217.0
frame_00030450.jpg,1280,720,30450,1218.0
frame_00030475.jpg,1280,720,30475,1219.0
frame_00030500.jpg,1280,720,30500,1220.0
frame_00030525.jpg,1280,720,30525,1221.0
frame_00030550.jpg,1280,720,30550,1222.0
frame_00030575.jpg,1280,720,30575,1223.0
frame_00030600.jpg,1280,720,30600,1224.0
frame_00030625.jpg,1280,720,30625,1225.0
frame_00030650.jpg,1280,720,30650,1226.0
frame_00030675.jpg,1280,720,30675,1227.0
frame_00030700.jpg,1280,720,30700,1228.0
frame_00030725.jpg,1280,720,30725,1229.0
frame_00030750.jpg,1280,720,30750,1230.0
frame_00030775.jpg,1280,720,30775,1231.0
frame_00030800.jpg,1280,720,30800,1232.0
frame_00030825.jpg,1280,720,30825,1233.0
frame_00030850.jpg,1280,720,30850,1234.0
frame_00030875.jpg,1280,720,30875,1235.0
frame_00030900.jpg,1280,720,30900,1236.0
frame_00030925.jpg,1280,720,30925,1237.0
frame_00030950.jpg,1280,720,30950,1238.0
frame_00030975.jpg,1280,720,30975,1239.0
frame_00031000.jpg,1280,720,31000,1240.0
frame_00031025.jpg,1280,720,31025,1241.0
frame_00031050.jpg,1280,720,31050,1242.0
frame_00031075.jpg,1280,720,31075,1243.0
frame_00031100.jpg,1280,720,31100,1244.0
frame_00031125.jpg,1280,720,31125,1245.0
frame_00031150.jpg,1280,720,31150,1246.0
frame_00031175.jpg,1280,720,31175,1247.0
frame_00031200.jpg,1280,720,31200,1248.0
frame_00031225.jpg,1280,720,31225,1249.0
frame_00031250.jpg,1280,720,31250,1250.0
frame_00031275.jpg,1280,720,31275,1251.0
frame_00031300.jpg,1280,720,31300,1252.0
frame_00031325.jpg,1280,720,31325,1253.0
frame_00031350.jpg,1280,720,31350,1254.0
frame_00031375.jpg,1280,720,31375,1255.0
frame_00031400.jpg,1280,720,31400,1256.0
frame_00031425.jpg,1280,720,31425,1257.0
frame_00031450.jpg,1280,720,31450,1258.0
frame_00031475.jpg,1280,720,31475,1259.0
frame_00031500.jpg,1280,720,31500,1260.0
frame_00031525.jpg,1280,720,31525,1261.0
frame_00031550.jpg,1280,720,31550,1262.0
frame_00031575.jpg,1280,720,31575,1263.0
frame_00031600.jpg,1280,720,31600,1264.0
frame_00031625.jpg,1280,720,31625,1265.0
frame_00031650.jpg,1280,720,31650,1266.0
frame_00031675.jpg,1280,720,31675,1267.0
frame_00031700.jpg,1280,720,31700,1268.0
frame_00031725.jpg,1280,720,31725,1269.0
frame_00031750.jpg,1280,720,31750,1270.0
frame_00031775.jpg,1280,720,31775,1271.0
frame_00031800.jpg,1280,720,31800,1272.0
frame_00031825.jpg,1280,720,31825,1273.0
frame_00031850.jpg,1280,720,31850,1274.0
frame_00031875.jpg,1280,720,31875,1275.0
frame_00031900.jpg,1280,720,31900,1276.0
frame_00031925.jpg,1280,720,31925,1277.0
frame_00031950.jpg,1280,720,31950,1278.0
frame_00031975.jpg,1280,720,31975,1279.0
frame_00032000.jpg,1280,720,32000,1280.0
frame_00032025.jpg,1280,720,32025,1281.0
frame_00032050.jpg,1280,720,32050,1282.0
frame_00032075.jpg,1280,720,32075,1283.0
frame_00032100.jpg,1280,720,32100,1284.0
frame_00032125.jpg,1280,720,32125,1285.0
frame_00032150.jpg,1280,720,32150,1286.0
frame_00032175.jpg,1280,720,32175,1287.0
frame_00032200.jpg,1280,720,32200,1288.0
frame_00032225.jpg,1280,720,32225,1289.0
frame_00032250.jpg,1280,720,32250,1290.0
frame_00032275.jpg,1280,720,32275,1291.0
frame_00032300.jpg,1280,720,32300,1292.0
frame_00032325.jpg,1280,720,32325,1293.0
frame_00032350.jpg,1280,720,32350,1294.0
frame_00032375.jpg,1280,720,32375,1295.0
frame_00032400.jpg,1280,720,32400,1296.0
frame_00032425.jpg,1280,720,32425,1297.0
frame_00032450.jpg,1280,720,32450,1298.0
frame_00032475.jpg,1280,720,32475,1299.0
frame_00032500.jpg,1280,720,32500,1300.0
frame_00032525.jpg,1280,720,32525,1301.0
frame_00032550.jpg,1280,720,32550,1302.0
frame_00032575.jpg,1280,720,32575,1303.0
frame_00032600.jpg,1280,720,32600,1304.0
frame_00032625.jpg,1280,720,32625,1305.0
frame_00032650.jpg,1280,720,32650,1306.0
frame_00032675.jpg,1280,720,32675,1307.0
frame_00032700.jpg,1280,720,32700,1308.0
frame_00032725.jpg,1280,720,32725,1309.0
frame_00032750.jpg,1280,720,32750,1310.0
frame_00032775.jpg,1280,720,32775,1311.0
frame_00032800.jpg,1280,720,32800,1312.0
frame_00032825.jpg,1280,720,32825,1313.0
frame_00032850.jpg,1280,720,32850,1314.0
frame_00032875.jpg,1280,720,32875,1315.0
frame_00032900.jpg,1280,720,32900,1316.0
frame_00032925.jpg,1280,720,32925,1317.0
frame_00032950.jpg,1280,720,32950,1318.0
frame_00032975.jpg,1280,720,32975,1319.0
frame_00033000.jpg,1280,720,33000,1320.0
frame_00033025.jpg,1280,720,33025,1321.0
frame_00033050.jpg,1280,720,33050,1322.0
frame_00033075.jpg,1280,720,33075,1323.0
frame_00033100.jpg,1280,720,33100,1324.0
frame_00033125.jpg,1280,720,33125,1325.0
frame_00033150.jpg,1280,720,33150,1326.0
frame_00033175.jpg,1280,720,33175,1327.0
frame_00033200.jpg,1280,720,33200,1328.0
frame_00033225.jpg,1280,720,33225,1329.0
frame_00033250.jpg,1280,720,33250,1330.0
frame_00033275.jpg,1280,720,33275,1331.0
frame_00033300.jpg,1280,720,33300,1332.0
frame_00033325.jpg,1280,720,33325,1333.0
frame_00033350.jpg,1280,720,33350,1334.0
frame_00033375.jpg,1280,720,33375,1335.0
frame_00033400.jpg,1280,720,33400,1336.0
frame_00033425.jpg,1280,720,33425,1337.0
frame_00033450.jpg,1280,720,33450,1338.0
frame_00033475.jpg,1280,720,33475,1339.0
frame_00033500.jpg,1280,720,33500,1340.0
frame_00033525.jpg,1280,720,33525,1341.0
frame_00033550.jpg,1280,720,33550,1342.0
frame_00033575.jpg,1280,720,33575,1343.0
frame_00033600.jpg,1280,720,33600,1344.0
frame_00033625.jpg,1280,720,33625,1345.0
frame_00033650.jpg,1280,720,33650,1346.0
frame_00033675.jpg,1280,720,33675,1347.0
frame_00033700.jpg,1280,720,33700,1348.0
frame_00033725.jpg,1280,720,33725,1349.0
frame_00033750.jpg,1280,720,33750,1350.0
frame_00033775.jpg,1280,720,33775,1351.0
frame_00033800.jpg,1280,720,33800,1352.0
frame_00033825.jpg,1280,720,33825,1353.0
frame_00033850.jpg,1280,720,33850,1354.0
frame_00033875.jpg,1280,720,33875,1355.0
frame_00033900.jpg,1280,720,33900,1356.0
frame_00033925.jpg,1280,720,33925,1357.0
frame_00033950.jpg,1280,720,33950,1358.0
frame_00033975.jpg,1280,720,33975,1359.0
frame_00034000.jpg,1280,720,34000,1360.0
frame_00034025.jpg,1280,720,34025,1361.0
frame_00034050.jpg,1280,720,34050,1362.0
frame_00034075.jpg,1280,720,34075,1363.0
frame_00034100.jpg,1280,720,34100,1364.0
frame_00034125.jpg,1280,720,34125,1365.0
frame_00034150.jpg,1280,720,34150,1366.0
frame_00034175.jpg,1280,720,34175,1367.0
frame_00034200.jpg,1280,720,34200,1368.0
frame_00034225.jpg,1280,720,34225,1369.0
frame_00034250.jpg,1280,720,34250,1370.0
frame_00034275.jpg,1280,720,34275,1371.0
frame_00034300.jpg,1280,720,34300,1372.0
frame_00034325.jpg,1280,720,34325,1373.0
frame_00034350.jpg,1280,720,34350,1374.0
frame_00034375.jpg,1280,720,34375,1375.0
frame_00034400.jpg,1280,720,34400,1376.0
frame_00034425.jpg,1280,720,34425,1377.0
frame_00034450.jpg,1280,720,34450,1378.0
frame_00034475.jpg,1280,720,34475,1379.0
frame_00034500.jpg,1280,720,34500,1380.0
frame_00034525.jpg,1280,720,34525,1381.0
frame_00034550.jpg,1280,720,34550,1382.0
frame_00034575.jpg,1280,720,34575,1383.0
frame_00034600.jpg,1280,720,34600,1384.0
frame_00034625.jpg,1280,720,34625,1385.0
frame_00034650.jpg,1280,720,34650,1386.0
frame_00034675.jpg,1280,720,34675,1387.0
frame_00034700.jpg,1280,720,34700,1388.0
frame_00034725.jpg,1280,720,34725,1389.0
frame_00034750.jpg,1280,720,34750,1390.0
frame_00034775.jpg,1280,720,34775,1391.0
frame_00034800.jpg,1280,720,34800,1392.0
frame_00034825.jpg,1280,720,34825,1393.0
frame_00034850.jpg,1280,720,34850,1394.0
frame_00034875.jpg,1280,720,34875,1395.0
frame_00034900.jpg,1280,720,34900,1396.0
frame_00034925.jpg,1280,720,34925,1397.0
frame_00034950.jpg,1280,720,34950,1398.0
frame_00034975.jpg,1280,720,34975,1399.0
frame_00035000.jpg,1280,720,35000,1400.0
frame_00035025.jpg,1280,720,35025,1401.0
frame_00035050.jpg,1280,720,35050,1402.0
frame_00035075.jpg,1280,720,35075,1403.0
frame_00035100.jpg,1280,720,35100,1404.0
frame_00035125.jpg,1280,720,35125,1405.0
frame_00035150.jpg,1280,720,35150,1406.0
frame_00035175.jpg,1280,720,35175,1407.0
frame_00035200.jpg,1280,720,35200,1408.0
frame_00035225.jpg,1280,720,35225,1409.0
frame_00035250.jpg,1280,720,35250,1410.0
frame_00035275.jpg,1280,720,35275,1411.0
frame_00035300.jpg,1280,720,35300,1412.0
frame_00035325.jpg,1280,720,35325,1413.0
frame_00035350.jpg,1280,720,35350,1414.0
frame_00035375.jpg,1280,720,35375,1415.0
frame_00035400.jpg,1280,720,35400,1416.0
frame_00035425.jpg,1280,720,35425,1417.0
frame_00035450.jpg,1280,720,35450,1418.0
frame_00035475.jpg,1280,720,35475,1419.0
frame_00035500.jpg,1280,720,35500,1420.0
frame_00035525.jpg,1280,720,35525,1421.0
frame_00035550.jpg,1280,720,35550,1422.0
frame_00035575.jpg,1280,720,35575,1423.0
frame_00035600.jpg,1280,720,35600,1424.0
frame_00035625.jpg,1280,720,35625,1425.0
frame_00035650.jpg,1280,720,35650,1426.0
frame_00035675.jpg,1280,720,35675,1427.0
frame_00035700.jpg,1280,720,35700,1428.0
frame_00035725.jpg,1280,720,35725,1429.0
frame_00035750.jpg,1280,720,35750,1430.0
frame_00035775.jpg,1280,720,35775,1431.0
frame_00035800.jpg,1280,720,35800,1432.0
frame_00035825.jpg,1280,720,35825,1433.0
frame_00035850.jpg,1280,720,35850,1434.0
frame_00035875.jpg,1280,720,35875,1435.0
frame_00035900.jpg,1280,720,35900,1436.0
frame_00035925.jpg,1280,720,35925,1437.0
frame_00035950.jpg,1280,720,35950,1438.0
frame_00035975.jpg,1280,720,35975,1439.0
frame_00036000.jpg,1280,720,36000,1440.0
frame_00036025.jpg,1280,720,36025,1441.0
frame_00036050.jpg,1280,720,36050,1442.0
frame_00036075.jpg,1280,720,36075,1443.0
frame_00036100.jpg,1280,720,36100,1444.0
frame_00036125.jpg,1280,720,36125,1445.0
frame_00036150.jpg,1280,720,36150,1446.0
frame_00036175.jpg,1280,720,36175,1447.0
frame_00036200.jpg,1280,720,36200,1448.0
frame_00036225.jpg,1280,720,36225,1449.0
frame_00036250.jpg,1280,720,36250,1450.0
frame_00036275.jpg,1280,720,36275,1451.0
frame_00036300.jpg,1280,720,36300,1452.0
frame_00036325.jpg,1280,720,36325,1453.0
frame_00036350.jpg,1280,720,36350,1454.0
frame_00036375.jpg,1280,720,36375,1455.0
frame_00036400.jpg,1280,720,36400,1456.0
frame_00036425.jpg,1280,720,36425,1457.0
frame_00036450.jpg,1280,720,36450,1458.0
frame_00036475.jpg,1280,720,36475,1459.0
frame_00036500.jpg,1280,720,36500,1460.0
frame_00036525.jpg,1280,720,36525,1461.0
frame_00036550.jpg,1280,720,36550,1462.0
frame_00036575.jpg,1280,720,36575,1463.0
frame_00036600.jpg,1280,720,36600,1464.0
frame_00036625.jpg,1280,720,36625,1465.0
frame_00036650.jpg,1280,720,36650,1466.0
frame_00036675.jpg,1280,720,36675,1467.0
frame_00036700.jpg,1280,720,36700,1468.0
frame_00036725.jpg,1280,720,36725,1469.0
frame_00036750.jpg,1280,720,36750,1470.0
frame_00036775.jpg,1280,720,36775,1471.0
frame_00036800.jpg,1280,720,36800,1472.0
frame_00036825.jpg,1280,720,36825,1473.0
frame_00036850.jpg,1280,720,36850,1474.0
frame_00036875.jpg,1280,720,36875,1475.0
frame_00036900.jpg,1280,720,36900,1476.0
frame_00036925.jpg,1280,720,36925,1477.0
frame_00036950.jpg,1280,720,36950,1478.0
frame_00036975.jpg,1280,720,36975,1479.0
frame_00037000.jpg,1280,720,37000,1480.0
frame_00037025.jpg,1280,720,37025,1481.0
frame_00037050.jpg,1280,720,37050,1482.0
frame_00037075.jpg,1280,720,37075,1483.0
frame_00037100.jpg,1280,720,37100,1484.0
frame_00037125.jpg,1280,720,37125,1485.0
frame_00037150.jpg,1280,720,37150,1486.0
frame_00037175.jpg,1280,720,37175,1487.0
frame_00037200.jpg,1280,720,37200,1488.0
frame_00037225.jpg,1280,720,37225,1489.0
frame_00037250.jpg,1280,720,37250,1490.0
frame_00037275.jpg,1280,720,37275,1491.0
frame_00037300.jpg,1280,720,37300,1492.0
frame_00037325.jpg,1280,720,37325,1493.0
frame_00037350.jpg,1280,720,37350,1494.0
frame_00037375.jpg,1280,720,37375,1495.0
frame_00037400.jpg,1280,720,37400,1496.0
frame_00037425.jpg,1280,720,37425,1497.0
frame_00037450.jpg,1280,720,37450,1498.0
frame_00037475.jpg,1280,720,37475,1499.0
frame_00037500.jpg,1280,720,37500,1500.0
frame_00037525.jpg,1280,720,37525,1501.0
frame_00037550.jpg,1280,720,37550,1502.0
frame_00037575.jpg,1280,720,37575,1503.0
frame_00037600.jpg,1280,720,37600,1504.0
frame_00037625.jpg,1280,720,37625,1505.0
frame_00037650.jpg,1280,720,37650,1506.0
frame_00037675.jpg,1280,720,37675,1507.0
frame_00037700.jpg,1280,720,37700,1508.0
frame_00037725.jpg,1280,720,37725,1509.0
frame_00037750.jpg,1280,720,37750,1510.0
frame_00037775.jpg,1280,720,37775,1511.0
frame_00037800.jpg,1280,720,37800,1512.0
frame_00037825.jpg,1280,720,37825,1513.0
frame_00037850.jpg,1280,720,37850,1514.0
frame_00037875.jpg,1280,720,37875,1515.0
frame_00037900.jpg,1280,720,37900,1516.0
frame_00037925.jpg,1280,720,37925,1517.0
frame_00037950.jpg,1280,720,37950,1518.0
frame_00037975.jpg,1280,720,37975,1519.0
frame_00038000.jpg,1280,720,38000,1520.0
frame_00038025.jpg,1280,720,38025,1521.0
frame_00038050.jpg,1280,720,38050,1522.0
frame_00038075.jpg,1280,720,38075,1523.0
frame_00038100.jpg,1280,720,38100,1524.0
frame_00038125.jpg,1280,720,38125,1525.0
frame_00038150.jpg,1280,720,38150,1526.0
frame_00038175.jpg,1280,720,38175,1527.0
frame_00038200.jpg,1280,720,38200,1528.0
frame_00038225.jpg,1280,720,38225,1529.0
frame_00038250.jpg,1280,720,38250,1530.0
frame_00038275.jpg,1280,720,38275,1531.0
frame_00038300.jpg,1280,720,38300,1532.0
frame_00038325.jpg,1280,720,38325,1533.0
frame_00038350.jpg,1280,720,38350,1534.0
frame_00038375.jpg,1280,720,38375,1535.0
frame_00038400.jpg,1280,720,38400,1536.0
frame_00038425.jpg,1280,720,38425,1537.0
frame_00038450.jpg,1280,720,38450,1538.0
frame_00038475.jpg,1280,720,38475,1539.0
frame_00038500.jpg,1280,720,38500,1540.0
frame_00038525.jpg,1280,720,38525,1541.0
frame_00038550.jpg,1280,720,38550,1542.0
frame_00038575.jpg,1280,720,38575,1543.0
frame_00038600.jpg,1280,720,38600,1544.0
frame_00038625.jpg,1280,720,38625,1545.0
frame_00038650.jpg,1280,720,38650,1546.0
frame_00038675.jpg,1280,720,38675,1547.0
frame_00038700.jpg,1280,720,38700,1548.0
frame_00038725.jpg,1280,720,38725,1549.0
frame_00038750.jpg,1280,720,38750,1550.0
frame_00038775.jpg,1280,720,38775,1551.0
frame_00038800.jpg,1280,720,38800,1552.0
frame_00038825.jpg,1280,720,38825,1553.0
frame_00038850.jpg,1280,720,38850,1554.0
frame_00038875.jpg,1280,720,38875,1555.0
frame_00038900.jpg,1280,720,38900,1556.0
frame_00038925.jpg,1280,720,38925,1557.0
frame_00038950.jpg,1280,720,38950,1558.0
frame_00038975.jpg,1280,720,38975,1559.0
frame_00039000.jpg,1280,720,39000,1560.0
frame_00039025.jpg,1280,720,39025,1561.0
frame_00039050.jpg,1280,720,39050,1562.0
frame_00039075.jpg,1280,720,39075,1563.0
frame_00039100.jpg,1280,720,39100,1564.0
frame_00039125.jpg,1280,720,39125,1565.0
frame_00039150.jpg,1280,720,39150,1566.0
frame_00039175.jpg,1280,720,39175,1567.0
frame_00039200.jpg,1280,720,39200,1568.0
frame_00039225.jpg,1280,720,39225,1569.0
frame_00039250.jpg,1280,720,39250,1570.0
frame_00039275.jpg,1280,720,39275,1571.0
frame_00039300.jpg,1280,720,39300,1572.0
frame_00039325.jpg,1280,720,39325,1573.0
frame_00039350.jpg,1280,720,39350,1574.0
frame_00039375.jpg,1280,720,39375,1575.0
frame_00039400.jpg,1280,720,39400,1576.0
frame_00039425.jpg,1280,720,39425,1577.0
frame_00039450.jpg,1280,720,39450,1578.0
frame_00039475.jpg,1280,720,39475,1579.0
frame_00039500.jpg,1280,720,39500,1580.0
frame_00039525.jpg,1280,720,39525,1581.0
frame_00039550.jpg,1280,720,39550,1582.0
frame_00039575.jpg,1280,720,39575,1583.0
frame_00039600.jpg,1280,720,39600,1584.0
frame_00039625.jpg,1280,720,39625,1585.0
frame_00039650.jpg,1280,720,39650,1586.0
frame_00039675.jpg,1280,720,39675,1587.0
frame_00039700.jpg,1280,720,39700,1588.0
frame_00039725.jpg,1280,720,39725,1589.0
frame_00039750.jpg,1280,720,39750,1590.0
frame_00039775.jpg,1280,720,39775,1591.0
frame_00039800.jpg,1280,720,39800,1592.0
frame_00039825.jpg,1280,720,39825,1593.0
frame_00039850.jpg,1280,720,39850,1594.0
frame_00039875.jpg,1280,720,39875,1595.0
frame_00039900.jpg,1280,720,39900,1596.0
frame_00039925.jpg,1280,720,39925,1597.0
frame_00039950.jpg,1280,720,39950,1598.0
frame_00039975.jpg,1280,720,39975,1599.0
frame_00040000.jpg,1280,720,40000,1600.0
frame_00040025.jpg,1280,720,40025,1601.0
frame_00040050.jpg,1280,720,40050,1602.0
frame_00040075.jpg,1280,720,40075,1603.0
frame_00040100.jpg,1280,720,40100,1604.0
frame_00040125.jpg,1280,720,40125,1605.0
frame_00040150.jpg,1280,720,40150,1606.0
frame_00040175.jpg,1280,720,40175,1607.0
frame_00040200.jpg,1280,720,40200,1608.0
frame_00040225.jpg,1280,720,40225,1609.0
frame_00040250.jpg,1280,720,40250,1610.0
frame_00040275.jpg,1280,720,40275,1611.0
frame_00040300.jpg,1280,720,40300,1612.0
frame_00040325.jpg,1280,720,40325,1613.0
frame_00040350.jpg,1280,720,40350,1614.0
frame_00040375.jpg,1280,720,40375,1615.0
frame_00040400.jpg,1280,720,40400,1616.0
frame_00040425.jpg,1280,720,40425,1617.0
frame_00040450.jpg,1280,720,40450,1618.0
frame_00040475.jpg,1280,720,40475,1619.0
frame_00040500.jpg,1280,720,40500,1620.0
frame_00040525.jpg,1280,720,40525,1621.0
frame_00040550.jpg,1280,720,40550,1622.0
frame_00040575.jpg,1280,720,40575,1623.0
frame_00040600.jpg,1280,720,40600,1624.0
frame_00040625.jpg,1280,720,40625,1625.0
frame_00040650.jpg,1280,720,40650,1626.0
frame_00040675.jpg,1280,720,40675,1627.0
frame_00040700.jpg,1280,720,40700,1628.0
frame_00040725.jpg,1280,720,40725,1629.0
frame_00040750.jpg,1280,720,40750,1630.0
frame_00040775.jpg,1280,720,40775,1631.0
frame_00040800.jpg,1280,720,40800,1632.0
frame_00040825.jpg,1280,720,40825,1633.0
frame_00040850.jpg,1280,720,40850,1634.0
frame_00040875.jpg,1280,720,40875,1635.0
frame_00040900.jpg,1280,720,40900,1636.0
frame_00040925.jpg,1280,720,40925,1637.0
frame_00040950.jpg,1280,720,40950,1638.0
frame_00040975.jpg,1280,720,40975,1639.0
frame_00041000.jpg,1280,720,41000,1640.0
frame_00041025.jpg,1280,720,41025,1641.0
frame_00041050.jpg,1280,720,41050,1642.0
frame_00041075.jpg,1280,720,41075,1643.0
frame_00041100.jpg,1280,720,41100,1644.0
frame_00041125.jpg,1280,720,41125,1645.0
frame_00041150.jpg,1280,720,41150,1646.0
frame_00041175.jpg,1280,720,41175,1647.0
frame_00041200.jpg,1280,720,41200,1648.0
frame_00041225.jpg,1280,720,41225,1649.0
frame_00041250.jpg,1280,720,41250,1650.0
frame_00041275.jpg,1280,720,41275,1651.0
frame_00041300.jpg,1280,720,41300,1652.0
frame_00041325.jpg,1280,720,41325,1653.0
frame_00041350.jpg,1280,720,41350,1654.0
frame_00041375.jpg,1280,720,41375,1655.0
frame_00041400.jpg,1280,720,41400,1656.0
frame_00041425.jpg,1280,720,41425,1657.0
frame_00041450.jpg,1280,720,41450,1658.0
frame_00041475.jpg,1280,720,41475,1659.0
frame_00041500.jpg,1280,720,41500,1660.0
frame_00041525.jpg,1280,720,41525,1661.0
frame_00041550.jpg,1280,720,41550,1662.0
frame_00041575.jpg,1280,720,41575,1663.0
frame_00041600.jpg,1280,720,41600,1664.0
frame_00041625.jpg,1280,720,41625,1665.0
frame_00041650.jpg,1280,720,41650,1666.0
frame_00041675.jpg,1280,720,41675,1667.0
frame_00041700.jpg,1280,720,41700,1668.0
frame_00041725.jpg,1280,720,41725,1669.0
frame_00041750.jpg,1280,720,41750,1670.0
frame_00041775.jpg,1280,720,41775,1671.0
frame_00041800.jpg,1280,720,41800,1672.0
frame_00041825.jpg,1280,720,41825,1673.0
frame_00041850.jpg,1280,720,41850,1674.0
frame_00041875.jpg,1280,720,41875,1675.0
frame_00041900.jpg,1280,720,41900,1676.0
frame_00041925.jpg,1280,720,41925,1677.0
frame_00041950.jpg,1280,720,41950,1678.0
frame_00041975.jpg,1280,720,41975,1679.0
frame_00042000.jpg,1280,720,42000,1680.0
frame_00042025.jpg,1280,720,42025,1681.0
frame_00042050.jpg,1280,720,42050,1682.0
frame_00042075.jpg,1280,720,42075,1683.0
frame_00042100.jpg,1280,720,42100,1684.0
frame_00042125.jpg,1280,720,42125,1685.0
frame_00042150.jpg,1280,720,42150,1686.0
frame_00042175.jpg,1280,720,42175,1687.0
frame_00042200.jpg,1280,720,42200,1688.0
frame_00042225.jpg,1280,720,42225,1689.0
frame_00042250.jpg,1280,720,42250,1690.0
frame_00042275.jpg,1280,720,42275,1691.0
frame_00042300.jpg,1280,720,42300,1692.0
frame_00042325.jpg,1280,720,42325,1693.0
frame_00042350.jpg,1280,720,42350,1694.0
frame_00042375.jpg,1280,720,42375,1695.0
frame_00042400.jpg,1280,720,42400,1696.0
frame_00042425.jpg,1280,720,42425,1697.0
frame_00042450.jpg,1280,720,42450,1698.0
frame_00042475.jpg,1280,720,42475,1699.0
frame_00042500.jpg,1280,720,42500,1700.0
frame_00042525.jpg,1280,720,42525,1701.0
frame_00042550.jpg,1280,720,42550,1702.0
frame_00042575.jpg,1280,720,42575,1703.0
frame_00042600.jpg,1280,720,42600,1704.0
frame_00042625.jpg,1280,720,42625,1705.0
frame_00042650.jpg,1280,720,42650,1706.0
frame_00042675.jpg,1280,720,42675,1707.0
frame_00042700.jpg,1280,720,42700,1708.0
frame_00042725.jpg,1280,720,42725,1709.0
frame_00042750.jpg,1280,720,42750,1710.0
frame_00042775.jpg,1280,720,42775,1711.0
frame_00042800.jpg,1280,720,42800,1712.0
frame_00042825.jpg,1280,720,42825,1713.0
frame_00042850.jpg,1280,720,42850,1714.0
frame_00042875.jpg,1280,720,42875,1715.0
frame_00042900.jpg,1280,720,42900,1716.0
frame_00042925.jpg,1280,720,42925,1717.0
frame_00042950.jpg,1280,720,42950,1718.0
frame_00042975.jpg,1280,720,42975,1719.0
frame_00043000.jpg,1280,720,43000,1720.0
frame_00043025.jpg,1280,720,43025,1721.0
frame_00043050.jpg,1280,720,43050,1722.0
frame_00043075.jpg,1280,720,43075,1723.0
frame_00043100.jpg,1280,720,43100,1724.0
frame_00043125.jpg,1280,720,43125,1725.0
frame_00043150.jpg,1280,720,43150,1726.0
frame_00043175.jpg,1280,720,43175,1727.0
frame_00043200.jpg,1280,720,43200,1728.0
frame_00043225.jpg,1280,720,43225,1729.0
frame_00043250.jpg,1280,720,43250,1730.0
frame_00043275.jpg,1280,720,43275,1731.0
frame_00043300.jpg,1280,720,43300,1732.0
frame_00043325.jpg,1280,720,43325,1733.0
frame_00043350.jpg,1280,720,43350,1734.0
frame_00043375.jpg,1280,720,43375,1735.0
frame_00043400.jpg,1280,720,43400,1736.0
frame_00043425.jpg,1280,720,43425,1737.0
frame_00043450.jpg,1280,720,43450,1738.0
frame_00043475.jpg,1280,720,43475,1739.0
frame_00043500.jpg,1280,720,43500,1740.0
frame_00043525.jpg,1280,720,43525,1741.0
frame_00043550.jpg,1280,720,43550,1742.0
frame_00043575.jpg,1280,720,43575,1743.0
frame_00043600.jpg,1280,720,43600,1744.0
frame_00043625.jpg,1280,720,43625,1745.0
frame_00043650.jpg,1280,720,43650,1746.0
frame_00043675.jpg,1280,720,43675,1747.0
frame_00043700.jpg,1280,720,43700,1748.0
frame_00043725.jpg,1280,720,43725,1749.0
frame_00043750.jpg,1280,720,43750,1750.0
frame_00043775.jpg,1280,720,43775,1751.0
frame_00043800.jpg,1280,720,43800,1752.0
frame_00043825.jpg,1280,720,43825,1753.0
frame_00043850.jpg,1280,720,43850,1754.0
frame_00043875.jpg,1280,720,43875,1755.0
frame_00043900.jpg,1280,720,43900,1756.0
frame_00043925.jpg,1280,720,43925,1757.0
frame_00043950.jpg,1280,720,43950,1758.0
frame_00043975.jpg,1280,720,43975,1759.0
frame_00044000.jpg,1280,720,44000,1760.0
frame_00044025.jpg,1280,720,44025,1761.0
frame_00044050.jpg,1280,720,44050,1762.0
frame_00044075.jpg,1280,720,44075,1763.0
frame_00044100.jpg,1280,720,44100,1764.0
frame_00044125.jpg,1280,720,44125,1765.0
frame_00044150.jpg,1280,720,44150,1766.0
frame_00044175.jpg,1280,720,44175,1767.0
frame_00044200.jpg,1280,720,44200,1768.0
frame_00044225.jpg,1280,720,44225,1769.0
frame_00044250.jpg,1280,720,44250,1770.0
frame_00044275.jpg,1280,720,44275,1771.0
frame_00044300.jpg,1280,720,44300,1772.0
frame_00044325.jpg,1280,720,44325,1773.0
frame_00044350.jpg,1280,720,44350,1774.0
frame_00044375.jpg,1280,720,44375,1775.0
frame_00044400.jpg,1280,720,44400,1776.0
frame_00044425.jpg,1280,720,44425,1777.0
frame_00044450.jpg,1280,720,44450,1778.0
frame_00044475.jpg,1280,720,44475,1779.0
frame_00044500.jpg,1280,720,44500,1780.0
frame_00044525.jpg,1280,720,44525,1781.0
frame_00044550.jpg,1280,720,44550,1782.0
frame_00044575.jpg,1280,720,44575,1783.0
frame_00044600.jpg,1280,720,44600,1784.0
frame_00044625.jpg,1280,720,44625,1785.0
frame_00044650.jpg,1280,720,44650,1786.0
frame_00044675.jpg,1280,720,44675,1787.0
frame_00044700.jpg,1280,720,44700,1788.0
frame_00044725.jpg,1280,720,44725,1789.0
frame_00044750.jpg,1280,720,44750,1790.0
frame_00044775.jpg,1280,720,44775,1791.0
frame_00044800.jpg,1280,720,44800,1792.0
frame_00044825.jpg,1280,720,44825,1793.0
frame_00044850.jpg,1280,720,44850,1794.0
frame_00044875.jpg,1280,720,44875,1795.0
frame_00044900.jpg,1280,720,44900,1796.0
frame_00044925.jpg,1280,720,44925,1797.0
frame_00044950.jpg,1280,720,44950,1798.0
frame_00044975.jpg,1280,720,44975,1799.0
frame_00045000.jpg,1280,720,45000,1800.0
frame_00045025.jpg,1280,720,45025,1801.0
frame_00045050.jpg,1280,720,45050,1802.0
frame_00045075.jpg,1280,720,45075,1803.0
frame_00045100.jpg,1280,720,45100,1804.0
frame_00045125.jpg,1280,720,45125,1805.0
frame_00045150.jpg,1280,720,45150,1806.0
frame_00045175.jpg,1280,720,45175,1807.0
frame_00045200.jpg,1280,720,45200,1808.0
frame_00045225.jpg,1280,720,45225,1809.0
frame_00045250.jpg,1280,720,45250,1810.0
frame_00045275.jpg,1280,720,45275,1811.0
frame_00045300.jpg,1280,720,45300,1812.0
frame_00045325.jpg,1280,720,45325,1813.0
frame_00045350.jpg,1280,720,45350,1814.0
frame_00045375.jpg,1280,720,45375,1815.0
frame_00045400.jpg,1280,720,45400,1816.0
frame_00045425.jpg,1280,720,45425,1817.0
frame_00045450.jpg,1280,720,45450,1818.0
frame_00045475.jpg,1280,720,45475,1819.0
frame_00045500.jpg,1280,720,45500,1820.0
frame_00045525.jpg,1280,720,45525,1821.0
frame_00045550.jpg,1280,720,45550,1822.0
frame_00045575.jpg,1280,720,45575,1823.0
frame_00045600.jpg,1280,720,45600,1824.0
frame_00045625.jpg,1280,720,45625,1825.0
frame_00045650.jpg,1280,720,45650,1826.0
frame_00045675.jpg,1280,720,45675,1827.0
frame_00045700.jpg,1280,720,45700,1828.0
frame_00045725.jpg,1280,720,45725,1829.0
frame_00045750.jpg,1280,720,45750,1830.0
frame_00045775.jpg,1280,720,45775,1831.0
frame_00045800.jpg,1280,720,45800,1832.0
frame_00045825.jpg,1280,720,45825,1833.0
frame_00045850.jpg,1280,720,45850,1834.0
frame_00045875.jpg,1280,720,45875,1835.0
frame_00045900.jpg,1280,720,45900,1836.0
frame_00045925.jpg,1280,720,45925,1837.0
frame_00045950.jpg,1280,720,45950,1838.0
frame_00045975.jpg,1280,720,45975,1839.0
frame_00046000.jpg,1280,720,46000,1840.0
frame_00046025.jpg,1280,720,46025,1841.0
frame_00046050.jpg,1280,720,46050,1842.0
frame_00046075.jpg,1280,720,46075,1843.0
frame_00046100.jpg,1280,720,46100,1844.0
frame_00046125.jpg,1280,720,46125,1845.0
frame_00046150.jpg,1280,720,46150,1846.0
frame_00046175.jpg,1280,720,46175,1847.0
frame_00046200.jpg,1280,720,46200,1848.0
frame_00046225.jpg,1280,720,46225,1849.0
frame_00046250.jpg,1280,720,46250,1850.0
frame_00046275.jpg,1280,720,46275,1851.0
frame_00046300.jpg,1280,720,46300,1852.0
frame_00046325.jpg,1280,720,46325,1853.0
frame_00046350.jpg,1280,720,46350,1854.0
frame_00046375.jpg,1280,720,46375,1855.0
frame_00046400.jpg,1280,720,46400,1856.0
frame_00046425.jpg,1280,720,46425,1857.0
frame_00046450.jpg,1280,720,46450,1858.0
frame_00046475.jpg,1280,720,46475,1859.0
frame_00046500.jpg,1280,720,46500,1860.0
frame_00046525.jpg,1280,720,46525,1861.0
frame_00046550.jpg,1280,720,46550,1862.0
frame_00046575.jpg,1280,720,46575,1863.0
frame_00046600.jpg,1280,720,46600,1864.0
frame_00046625.jpg,1280,720,46625,1865.0
frame_00046650.jpg,1280,720,46650,1866.0
frame_00046675.jpg,1280,720,46675,1867.0
frame_00046700.jpg,1280,720,46700,1868.0
frame_00046725.jpg,1280,720,46725,1869.0
frame_00046750.jpg,1280,720,46750,1870.0
frame_00046775.jpg,1280,720,46775,1871.0
frame_00046800.jpg,1280,720,46800,1872.0
frame_00046825.jpg,1280,720,46825,1873.0
frame_00046850.jpg,1280,720,46850,1874.0
frame_00046875.jpg,1280,720,46875,1875.0
frame_00046900.jpg,1280,720,46900,1876.0
frame_00046925.jpg,1280,720,46925,1877.0
frame_00046950.jpg,1280,720,46950,1878.0
frame_00046975.jpg,1280,720,46975,1879.0
frame_00047000.jpg,1280,720,47000,1880.0
frame_00047025.jpg,1280,720,47025,1881.0
frame_00047050.jpg,1280,720,47050,1882.0
frame_00047075.jpg,1280,720,47075,1883.0
frame_00047100.jpg,1280,720,47100,1884.0
frame_00047125.jpg,1280,720,47125,1885.0
frame_00047150.jpg,1280,720,47150,1886.0
frame_00047175.jpg,1280,720,47175,1887.0
frame_00047200.jpg,1280,720,47200,1888.0
frame_00047225.jpg,1280,720,47225,1889.0
frame_00047250.jpg,1280,720,47250,1890.0
frame_00047275.jpg,1280,720,47275,1891.0
frame_00047300.jpg,1280,720,47300,1892.0
frame_00047325.jpg,1280,720,47325,1893.0
frame_00047350.jpg,1280,720,47350,1894.0
frame_00047375.jpg,1280,720,47375,1895.0
frame_00047400.jpg,1280,720,47400,1896.0
frame_00047425.jpg,1280,720,47425,1897.0
frame_00047450.jpg,1280,720,47450,1898.0
frame_00047475.jpg,1280,720,47475,1899.0
frame_00047500.jpg,1280,720,47500,1900.0
frame_00047525.jpg,1280,720,47525,1901.0
frame_00047550.jpg,1280,720,47550,1902.0
frame_00047575.jpg,1280,720,47575,1903.0
frame_00047600.jpg,1280,720,47600,1904.0
frame_00047625.jpg,1280,720,47625,1905.0
frame_00047650.jpg,1280,720,47650,1906.0
frame_00047675.jpg,1280,720,47675,1907.0
frame_00047700.jpg,1280,720,47700,1908.0
frame_00047725.jpg,1280,720,47725,1909.0
frame_00047750.jpg,1280,720,47750,1910.0
frame_00047775.jpg,1280,720,47775,1911.0
frame_00047800.jpg,1280,720,47800,1912.0
frame_00047825.jpg,1280,720,47825,1913.0
frame_00047850.jpg,1280,720,47850,1914.0
frame_00047875.jpg,1280,720,47875,1915.0
frame_00047900.jpg,1280,720,47900,1916.0
frame_00047925.jpg,1280,720,47925,1917.0
frame_00047950.jpg,1280,720,47950,1918.0
frame_00047975.jpg,1280,720,47975,1919.0
frame_00048000.jpg,1280,720,48000,1920.0
frame_00048025.jpg,1280,720,48025,1921.0
frame_00048050.jpg,1280,720,48050,1922.0
frame_00048075.jpg,1280,720,48075,1923.0
frame_00048100.jpg,1280,720,48100,1924.0
frame_00048125.jpg,1280,720,48125,1925.0
frame_00048150.jpg,1280,720,48150,1926.0
frame_00048175.jpg,1280,720,48175,1927.0
frame_00048200.jpg,1280,720,48200,1928.0
frame_00048225.jpg,1280,720,48225,1929.0
frame_00048250.jpg,1280,720,48250,1930.0
frame_00048275.jpg,1280,720,48275,1931.0
frame_00048300.jpg,1280,720,48300,1932.0
frame_00048325.jpg,1280,720,48325,1933.0
frame_00048350.jpg,1280,720,48350,1934.0
frame_00048375.jpg,1280,720,48375,1935.0
frame_00048400.jpg,1280,720,48400,1936.0
frame_00048425.jpg,1280,720,48425,1937.0
frame_00048450.jpg,1280,720,48450,1938.0
frame_00048475.jpg,1280,720,48475,1939.0
frame_00048500.jpg,1280,720,48500,1940.0
frame_00048525.jpg,1280,720,48525,1941.0
frame_00048550.jpg,1280,720,48550,1942.0
frame_00048575.jpg,1280,720,48575,1943.0
frame_00048600.jpg,1280,720,48600,1944.0
frame_00048625.jpg,1280,720,48625,1945.0
frame_00048650.jpg,1280,720,48650,1946.0
frame_00048675.jpg,1280,720,48675,1947.0
frame_00048700.jpg,1280,720,48700,1948.0
frame_00048725.jpg,1280,720,48725,1949.0
frame_00048750.jpg,1280,720,48750,1950.0
frame_00048775.jpg,1280,720,48775,1951.0
frame_00048800.jpg,1280,720,48800,1952.0
frame_00048825.jpg,1280,720,48825,1953.0
frame_00048850.jpg,1280,720,48850,1954.0
frame_00048875.jpg,1280,720,48875,1955.0
frame_00048900.jpg,1280,720,48900,1956.0
frame_00048925.jpg,1280,720,48925,1957.0
frame_00048950.jpg,1280,720,48950,1958.0
frame_00048975.jpg,1280,720,48975,1959.0
frame_00049000.jpg,1280,720,49000,1960.0
frame_00049025.jpg,1280,720,49025,1961.0
frame_00049050.jpg,1280,720,49050,1962.0
frame_00049075.jpg,1280,720,49075,1963.0
frame_00049100.jpg,1280,720,49100,1964.0
frame_00049125.jpg,1280,720,49125,1965.0
frame_00049150.jpg,1280,720,49150,1966.0
frame_00049175.jpg,1280,720,49175,1967.0
frame_00049200.jpg,1280,720,49200,1968.0
frame_00049225.jpg,1280,720,49225,1969.0
frame_00049250.jpg,1280,720,49250,1970.0
frame_00049275.jpg,1280,720,49275,1971.0
frame_00049300.jpg,1280,720,49300,1972.0
frame_00049325.jpg,1280,720,49325,1973.0
frame_00049350.jpg,1280,720,49350,1974.0
frame_00049375.jpg,1280,720,49375,1975.0
frame_00049400.jpg,1280,720,49400,1976.0
frame_00049425.jpg,1280,720,49425,1977.0
frame_00049450.jpg,1280,720,49450,1978.0
frame_00049475.jpg,1280,720,49475,1979.0
frame_00049500.jpg,1280,720,49500,1980.0
frame_00049525.jpg,1280,720,49525,1981.0
frame_00049550.jpg,1280,720,49550,1982.0
frame_00049575.jpg,1280,720,49575,1983.0
frame_00049600.jpg,1280,720,49600,1984.0
frame_00049625.jpg,1280,720,49625,1985.0
frame_00049650.jpg,1280,720,49650,1986.0
frame_00049675.jpg,1280,720,49675,1987.0
frame_00049700.jpg,1280,720,49700,1988.0
frame_00049725.jpg,1280,720,49725,1989.0
frame_00049750.jpg,1280,720,49750,1990.0
frame_00049775.jpg,1280,720,49775,1991.0
frame_00049800.jpg,1280,720,49800,1992.0
frame_00049825.jpg,1280,720,49825,1993.0
frame_00049850.jpg,1280,720,49850,1994.0
frame_00049875.jpg,1280,720,49875,1995.0
frame_00049900.jpg,1280,720,49900,1996.0
frame_00049925.jpg,1280,720,49925,1997.0
frame_00049950.jpg,1280,720,49950,1998.0
frame_00049975.jpg,1280,720,49975,1999.0
frame_00050000.jpg,1280,720,50000,2000.0
frame_00050025.jpg,1280,720,50025,2001.0
frame_00050050.jpg,1280,720,50050,2002.0
frame_00050075.jpg,1280,720,50075,2003.0
frame_00050100.jpg,1280,720,50100,2004.0
frame_00050125.jpg,1280,720,50125,2005.0
frame_00050150.jpg,1280,720,50150,2006.0
frame_00050175.jpg,1280,720,50175,2007.0
frame_00050200.jpg,1280,720,50200,2008.0
frame_00050225.jpg,1280,720,50225,2009.0
frame_00050250.jpg,1280,720,50250,2010.0
frame_00050275.jpg,1280,720,50275,2011.0
frame_00050300.jpg,1280,720,50300,2012.0
frame_00050325.jpg,1280,720,50325,2013.0
frame_00050350.jpg,1280,720,50350,2014.0
frame_00050375.jpg,1280,720,50375,2015.0
frame_00050400.jpg,1280,720,50400,2016.0
frame_00050425.jpg,1280,720,50425,2017.0
frame_00050450.jpg,1280,720,50450,2018.0
frame_00050475.jpg,1280,720,50475,2019.0
frame_00050500.jpg,1280,720,50500,2020.0
frame_00050525.jpg,1280,720,50525,2021.0
frame_00050550.jpg,1280,720,50550,2022.0
frame_00050575.jpg,1280,720,50575,2023.0
frame_00050600.jpg,1280,720,50600,2024.0
frame_00050625.jpg,1280,720,50625,2025.0
frame_00050650.jpg,1280,720,50650,2026.0
frame_00050675.jpg,1280,720,50675,2027.0
frame_00050700.jpg,1280,720,50700,2028.0
frame_00050725.jpg,1280,720,50725,2029.0
frame_00050750.jpg,1280,720,50750,2030.0
frame_00050775.jpg,1280,720,50775,2031.0
frame_00050800.jpg,1280,720,50800,2032.0
frame_00050825.jpg,1280,720,50825,2033.0
frame_00050850.jpg,1280,720,50850,2034.0
frame_00050875.jpg,1280,720,50875,2035.0
frame_00050900.jpg,1280,720,50900,2036.0
frame_00050925.jpg,1280,720,50925,2037.0
frame_00050950.jpg,1280,720,50950,2038.0
frame_00050975.jpg,1280,720,50975,2039.0
frame_00051000.jpg,1280,720,51000,2040.0
frame_00051025.jpg,1280,720,51025,2041.0
frame_00051050.jpg,1280,720,51050,2042.0
frame_00051075.jpg,1280,720,51075,2043.0
frame_00051100.jpg,1280,720,51100,2044.0
frame_00051125.jpg,1280,720,51125,2045.0
frame_00051150.jpg,1280,720,51150,2046.0
frame_00051175.jpg,1280,720,51175,2047.0
frame_00051200.jpg,1280,720,51200,2048.0
